Competency Code,Domain #,Domain Name,Skill Area Code,Skill Area Name,Competency Title,Craft Primary,Craft Secondary,Stage Primary 1,Stage Primary 2,Stage Secondary 1,Stage Secondary 2,Dual Primary Exception,Reform Flag Count,Reform: NEPA Timeline,Reform: Digital Permitting,Reform: CatEx Scope,Reform: Consultation,Reform: One Federal Decision,Reform: S2-S3 Boundary,Stability Tier,Foundational Professional Prep,Zero Core,Core Family Count,Supporting Family Count,L1 Equity & Justice,L2 Cultural Rights & Self-Determination,L3 Transparency & Accountability,L4 Intervention Ethics,L5 Professional Integrity,F1: Forestry,F2: Wildlife & Fisheries,F3: Ecological Restoration,F4: Water Resources,F5: Conservation Science,F6: Climate Science,F7: Environmental Data Science,F8: Environmental Policy,F9: Land Use Planning,F10: Sustainable Agriculture,F11: Environmental Education,F12: Fire Management,F13: Environmental Health & Justice,F14: Corporate Sustainability,F15: Conservation Finance,T13: T1 Auto Type,T13: T1 Tacit,T13: T1 Career,T13: T1 Vector,T13: T1 Horizon,T13: T2 Auto Type,T13: T2 Tacit,T13: T2 Career,T13: T2 Vector,T13: T2 Horizon,T13: T3 Auto Type,T13: T3 Tacit,T13: T3 Career,T13: T3 Vector,T13: T3 Horizon,T13: CLD Flag,T13: S-Trajectory Flag,T13: Auto Type (modal),T13: Tacit Density (modal),T13: Career Ladder (modal),T13: Vector (modal),T13: Horizon (modal),T13: CLD Flag (modal),T13: Modal Contested,T13: Data Provenance,T13: CLD Severity
1.1.1,1,Ecological & Scientific Knowledge,1.1,ECOSYSTEM SCIENCE,Ecosystem dynamics and processes,DC,FC-sec,S1,,S6,,FALSE,0,FALSE,FALSE,FALSE,FALSE,FALSE,FALSE,Stable,FALSE,FALSE,1,7,,,,,,Supporting,Supporting,Supporting,Supporting,Core,Supporting,,,,Supporting,,Supporting,,,,A,Hi,P,AI,1,A,Med,C,AI,1,A,Hi,C,AI,2,FALSE,FALSE,A,Hi,C,AI,1,N,N,Session-direct,
1.1.2,1,Ecological & Scientific Knowledge,1.1,ECOSYSTEM SCIENCE,Biodiversity assessment and monitoring,FC,DC-sec,S5,,S1,,FALSE,1,TRUE,FALSE,FALSE,FALSE,FALSE,FALSE,Transition,FALSE,FALSE,1,5,,,,,,Supporting,Supporting,Supporting,Supporting,Core,Supporting,,,,,,,,,,A,Hi,C,AI,2,A,Med,C,AI,1,A,Med,C,AI,1,FALSE,FALSE,A,Med,C,AI,1,N,N,Session-direct,
1.1.3,1,Ecological & Scientific Knowledge,1.1,ECOSYSTEM SCIENCE,Ecological succession principles,DC,,S1,,S6,,FALSE,0,FALSE,FALSE,FALSE,FALSE,FALSE,FALSE,Stable,FALSE,FALSE,2,5,,,,,,Supporting,Supporting,Core,Supporting,Core,Supporting,,,,,,Supporting,,,,A,Hi,P,AI,1,A,Med,C,AI,1,A,Hi,C,AI,2,FALSE,FALSE,A,Hi,C,AI,1,N,N,Session-direct,
1.1.4,1,Ecological & Scientific Knowledge,1.1,ECOSYSTEM SCIENCE,Disturbance ecology,DC,FC-sec,S1,,S6,,FALSE,0,FALSE,FALSE,FALSE,FALSE,FALSE,FALSE,Stable,FALSE,FALSE,2,5,,,,,,Supporting,Supporting,Supporting,Supporting,Core,Supporting,,,,,,Core,,,,A,Med,P,AI,1,A,Hi,C,AI,2,A,Hi,C,AI,2,FALSE,FALSE,A,Hi,C,AI,2,N,N,Session-direct,
1.1.5,1,Ecological & Scientific Knowledge,1.1,ECOSYSTEM SCIENCE,Habitat requirements analysis,FC,DC-sec,S1,,S2,,FALSE,1,TRUE,FALSE,FALSE,FALSE,FALSE,FALSE,Transition,FALSE,FALSE,2,4,,,,,,Supporting,Core,Supporting,Supporting,Core,,,,,,,Supporting,,,,H,Hi,P,—,N,A,Med,C,AI,1,A,Med,C,AI,2,FALSE,FALSE,A,Hi,C,AI,1,N,N,Session-direct,
1.2.1,1,Ecological & Scientific Knowledge,1.2,SOIL & WATER SCIENCE,Soil classification and mapping,FC,DC-sec,S1,,S2,,FALSE,1,TRUE,FALSE,FALSE,FALSE,FALSE,FALSE,Transition,FALSE,FALSE,2,3,,,,,,Supporting,,Supporting,Core,Supporting,,,,,Core,,,,,,H,Hi,P,—,N,A,Med,C,AI,1,A,Med,C,AI,2,FALSE,FALSE,A,Hi,C,AI,1,N,N,Session-direct,
1.2.2,1,Ecological & Scientific Knowledge,1.2,SOIL & WATER SCIENCE,Soil chemistry and biology,DC,FC-sec,S1,,S5,,FALSE,0,FALSE,FALSE,FALSE,FALSE,FALSE,FALSE,Stable,FALSE,FALSE,1,4,,,,,,Supporting,,Supporting,Supporting,Supporting,,,,,Core,,,,,,A,Med,P,AI,1,A,Med,C,AI,1,A,Med,C,AI,2,FALSE,FALSE,A,Med,C,AI,1,N,N,Session-direct,
1.2.3,1,Ecological & Scientific Knowledge,1.2,SOIL & WATER SCIENCE,Watershed hydrology,DC,FC-sec,S1,,S2,,FALSE,1,TRUE,FALSE,FALSE,FALSE,FALSE,FALSE,Transition,FALSE,FALSE,1,5,,,,,,Supporting,,Supporting,Core,Supporting,Supporting,,,,Supporting,,,,,,A,Hi,P,AI,1,A,Med,C,AI,1,A,Hi,C,AI,2,FALSE,FALSE,A,Hi,C,AI,1,N,N,Session-direct,
1.2.4,1,Ecological & Scientific Knowledge,1.2,SOIL & WATER SCIENCE,"Water quality assessment Testing and evaluating water conditions to determine if it is suitable for wildlife, recreation, or human use.",FC,DC-sec,S5,,S2,,FALSE,2,TRUE,FALSE,FALSE,TRUE,FALSE,FALSE,Transition,FALSE,FALSE,1,4,,,,,,,Supporting,Supporting,Core,Supporting,,,,,Supporting,,,,,,H,Hi,P,—,N,A,Med,C,AI,1,A,Hi,C,AI,2,FALSE,FALSE,A,Hi,C,AI,1,N,N,Session-direct,
1.2.5,1,Ecological & Scientific Knowledge,1.2,SOIL & WATER SCIENCE,Erosion processes and control,FC,DC-sec,S1,,S4,,FALSE,0,FALSE,FALSE,FALSE,FALSE,FALSE,FALSE,Stable,FALSE,FALSE,1,3,,,,,,Supporting,,Supporting,Core,,,,,,Supporting,,,,,,A,Hi,C,AI,1,H,Med,P,—,N,A,Med,C,AI,1,FALSE,FALSE,A,Hi,C,AI,1,N,N,Session-direct,
1.3.1,1,Ecological & Scientific Knowledge,1.3,FORESTRY SCIENCE,Silviculture principles and practices Knowledge of techniques for growing and cultivating healthy forests for various objectives.,FC,DC-sec,S1,,S4,,FALSE,0,FALSE,FALSE,FALSE,FALSE,FALSE,FALSE,Stable,FALSE,FALSE,1,2,,,,,,Core,,Supporting,,,,,,,,,Supporting,,,,A,Hi,C,AI,2,A,Hi,C,AI,2,A,Med,C,AI,1,FALSE,FALSE,A,Hi,C,AI,2,N,N,Session-direct,
1.3.2,1,Ecological & Scientific Knowledge,1.3,FORESTRY SCIENCE,Forest mensuration and inventory,FC,DC-sec,S1,,S5,,FALSE,2,TRUE,FALSE,TRUE,FALSE,FALSE,FALSE,Transition,FALSE,FALSE,1,2,,,,,,Core,,Supporting,,Supporting,,,,,,,,,,,H,Hi,P,—,N,A,Hi,P,AI,1,Ac,Lo,P,AI,1,TRUE,FALSE,H,Hi,P,AI,1,Y,Y,Session-direct,Low
1.3.3,1,Ecological & Scientific Knowledge,1.3,FORESTRY SCIENCE,Stand dynamics and growth modeling Predicting how forests will develop over time under different conditions or management actions.,DC,FC-sec,S1,,S6,,FALSE,0,FALSE,FALSE,FALSE,FALSE,FALSE,FALSE,Stable,FALSE,FALSE,1,3,,,,,,Core,,Supporting,,Supporting,,,,,,,Supporting,,,,A,Med,C,AI,1,A,Med,C,AI,1,A,Hi,C,AI,2,FALSE,FALSE,A,Med,C,AI,1,N,N,Session-direct,
1.3.4,1,Ecological & Scientific Knowledge,1.3,FORESTRY SCIENCE,Forest health assessment,FC,DC-sec,S5,,S1,,FALSE,1,TRUE,FALSE,FALSE,FALSE,FALSE,FALSE,Transition,FALSE,FALSE,1,3,,,,,,Core,,Supporting,,Supporting,,,,,,,Supporting,,,,H,Hi,P,—,N,A,Hi,C,AI,1,A,Hi,C,AI,2,FALSE,FALSE,A,Hi,C,AI,2,N,Y,Session-direct,
1.3.5,1,Ecological & Scientific Knowledge,1.3,FORESTRY SCIENCE,Timber management planning,DC,SC-sec,S1,,S3,,FALSE,2,TRUE,FALSE,TRUE,FALSE,FALSE,FALSE,Transition,FALSE,FALSE,1,1,,,,,,Core,,,,,,,,,,,,,,Supporting,A,Hi,C,AI,2,A,Med,C,AI,1,A,Hi,P,AI,2,FALSE,FALSE,A,Hi,C,AI,2,N,N,Session-direct,
1.4.1,1,Ecological & Scientific Knowledge,1.4,WILDLIFE & FISHERIES BIOLOGY,Population dynamics and modeling,DC,FC-sec,S1,,S6,,FALSE,0,FALSE,FALSE,FALSE,FALSE,FALSE,FALSE,Stable,FALSE,FALSE,2,2,,,,,,,Core,Supporting,Supporting,Core,,,,,,,,,,,A,Med,C,AI,1,A,Med,C,AI,1,A,Hi,C,AI,2,FALSE,FALSE,A,Med,C,AI,1,N,N,Session-direct,
1.4.2,1,Ecological & Scientific Knowledge,1.4,WILDLIFE & FISHERIES BIOLOGY,Wildlife survey techniques Methods for counting and monitoring different animal species to track population health and distribution.,FC,DC-sec,S5,,S2,,FALSE,2,TRUE,FALSE,FALSE,TRUE,FALSE,FALSE,Transition,FALSE,FALSE,1,3,,,,,,,Core,Supporting,Supporting,Supporting,,,,,,,,,,,A,Hi,P,AI,1,A,Hi,P,AI,1,A,Med,C,AI,2,FALSE,FALSE,A,Hi,P,AI,1,N,N,Session-direct,
1.4.3,1,Ecological & Scientific Knowledge,1.4,WILDLIFE & FISHERIES BIOLOGY,Species identification and classification Accurately identifying different animals and understanding how they are related taxonomically.,FC,DC-sec,S5,,S2,,FALSE,2,TRUE,FALSE,FALSE,TRUE,FALSE,FALSE,Transition,FALSE,FALSE,2,4,,,,,,Supporting,Core,Supporting,Supporting,Core,,,,,Supporting,,,,,,A,Hi,P,AI,1,A,Med,P,AI,1,A,Med,C,AI,2,FALSE,FALSE,A,Med,P,AI,1,N,N,Session-direct,
1.4.4,1,Ecological & Scientific Knowledge,1.4,WILDLIFE & FISHERIES BIOLOGY,Animal behavior and habitat relationships,FC,DC-sec,S1,,S6,,FALSE,0,FALSE,FALSE,FALSE,FALSE,FALSE,FALSE,Stable,FALSE,FALSE,1,2,,,,,,,Core,Supporting,,Supporting,,,,,,,,,,,H,Hi,P,—,N,A,Med,C,AI,1,A,Hi,C,AI,2,FALSE,FALSE,A,Hi,C,AI,2,N,Y,Session-direct,
1.4.5,1,Ecological & Scientific Knowledge,1.4,WILDLIFE & FISHERIES BIOLOGY,"Fisheries management principles Approaches to sustainably managing fish populations in lakes, rivers, and streams for conservation or recreation.",DC,FC-sec,S1,,S2,,FALSE,2,TRUE,FALSE,FALSE,TRUE,FALSE,FALSE,Transition,FALSE,FALSE,1,2,,,,,,,Core,,Supporting,Supporting,,,,,,,,,,,A,Hi,P,AI,1,A,Hi,C,AI,2,A,Med,P,AI,1,FALSE,FALSE,A,Hi,P,AI,1,N,N,Session-direct,
1.5.1,1,Ecological & Scientific Knowledge,1.5,CLIMATE SCIENCE,Climate data analysis and interpretation,DC,,S1,,S6,,FALSE,0,FALSE,FALSE,FALSE,FALSE,FALSE,FALSE,Stable,FALSE,FALSE,1,6,,,,,,Supporting,Supporting,Supporting,Supporting,Supporting,Core,,,,,,,,Supporting,,A,Med,P,AI,1,A,Med,C,AI,1,A,Hi,C,AI,2,FALSE,FALSE,A,Med,C,AI,1,N,N,Session-direct,
1.5.2,1,Ecological & Scientific Knowledge,1.5,CLIMATE SCIENCE,Climate vulnerability assessment,DC,FC-sec,S1,,S2,,FALSE,1,TRUE,FALSE,FALSE,FALSE,FALSE,FALSE,Transition,FALSE,FALSE,1,6,,,,,,Supporting,Supporting,Supporting,Supporting,Supporting,Core,,,,,,,,Supporting,,A,Med,C,AI,1,A,Med,C,AI,1,A,Hi,C,AI,2,FALSE,FALSE,A,Med,C,AI,1,N,N,Session-direct,
1.5.3,1,Ecological & Scientific Knowledge,1.5,CLIMATE SCIENCE,Climate adaptation planning,DC,SC-sec,S1,,S6,,FALSE,0,FALSE,FALSE,FALSE,FALSE,FALSE,FALSE,Stable,FALSE,FALSE,1,5,,,,,,Supporting,Supporting,Supporting,Supporting,Supporting,Core,,,,,,,,,,A,Hi,C,AI,2,A,Hi,C,AI,2,A,Med,C,AI,1,FALSE,FALSE,A,Hi,C,AI,2,N,N,Session-direct,
1.5.4,1,Ecological & Scientific Knowledge,1.5,CLIMATE SCIENCE,Carbon cycle science,DC,FC-sec,S1,,S5,,FALSE,1,FALSE,TRUE,FALSE,FALSE,FALSE,FALSE,Transition,FALSE,FALSE,1,5,,,,,,Supporting,,,,Supporting,Core,,,,Supporting,,,,Supporting,Supporting,A,Hi,C,AI,1,A,Med,C,AI,1,A,Med,C,AI,1,FALSE,FALSE,A,Med,C,AI,1,N,N,Session-direct,
1.5.5,1,Ecological & Scientific Knowledge,1.5,CLIMATE SCIENCE,Phenology and climate-biosphere interactions,DC,FC-sec,S1,,,,FALSE,0,FALSE,FALSE,FALSE,FALSE,FALSE,FALSE,Stable,FALSE,FALSE,2,2,,,,,,Supporting,Supporting,,,Core,Core,,,,,,,,,,A,Hi,P,AI,1,A,Med,C,AI,1,A,Hi,C,AI,2,FALSE,FALSE,A,Hi,C,AI,1,N,N,Session-direct,
1.6.1,1,Ecological & Scientific Knowledge,1.6,BIOTECHNOLOGY & GENETICS,Conservation genetics principles,DC,,S1,,S6,,FALSE,0,FALSE,FALSE,FALSE,FALSE,FALSE,FALSE,Transition,FALSE,FALSE,1,2,,,,,,,Supporting,Supporting,,Core,,,,,,,,,,,A,Hi,C,AI,1,Ac,Med,C,AI,1,A,Hi,C,AI,2,FALSE,TRUE,A,Hi,C,AI,1,N,N,Session-direct,
1.6.2,1,Ecological & Scientific Knowledge,1.6,BIOTECHNOLOGY & GENETICS,Environmental DNA (eDNA) methods,FC,DC-sec,S5,,S2,,FALSE,2,TRUE,TRUE,FALSE,FALSE,FALSE,FALSE,Transition,FALSE,FALSE,1,2,,,,,,,Supporting,,Supporting,Core,,,,,,,,,,,A,Hi,C,AI,2,Ac,Med,C,AI,1,A,Hi,C,AI,2,FALSE,TRUE,A,Hi,C,AI,2,N,N,Session-direct,
1.6.3,1,Ecological & Scientific Knowledge,1.6,BIOTECHNOLOGY & GENETICS,Population genomics and genetic diversity,DC,,S1,,,,FALSE,0,FALSE,FALSE,FALSE,FALSE,FALSE,FALSE,Transition,FALSE,FALSE,1,1,,,,,,,Supporting,,,Core,,,,,,,,,,,Ac,Med,C,AI,1,A,Hi,C,AI,2,Ac,Med,C,AI,1,FALSE,TRUE,Ac,Med,C,AI,1,N,N,Session-direct,
1.6.4,1,Ecological & Scientific Knowledge,1.6,BIOTECHNOLOGY & GENETICS,Molecular ecology applications,DC,FC-sec,S5,,S1,,FALSE,0,FALSE,FALSE,FALSE,FALSE,FALSE,FALSE,Stable,FALSE,FALSE,1,2,,,,,,,Supporting,,Supporting,Core,,,,,,,,,,,A,Hi,C,AI,2,A,Hi,C,AI,1,A,Hi,C,AI,2,FALSE,FALSE,A,Hi,C,AI,2,N,N,Session-direct,
1.6.5,1,Ecological & Scientific Knowledge,1.6,BIOTECHNOLOGY & GENETICS,Genetic tools for species management,DC,SC-sec,S1,,S4,,FALSE,1,FALSE,FALSE,FALSE,TRUE,FALSE,FALSE,Transition,FALSE,FALSE,2,1,,,,,,,Core,Supporting,,Core,,,,,,,,,,,A,Hi,C,AI,2,A,Hi,C,AI,1,A,Hi,C,AI,2,FALSE,FALSE,A,Hi,C,AI,2,N,N,Session-direct,
1.7.1,1,Ecological & Scientific Knowledge,1.7,NOVEL ECOSYSTEMS & ADAPTATION,Novel ecosystem recognition and assessment,FC,DC-sec,S1,,S6,,FALSE,0,FALSE,FALSE,FALSE,FALSE,FALSE,FALSE,Stable,FALSE,FALSE,1,4,,,,,,Supporting,,Supporting,Supporting,Core,Supporting,,,,,,,,,,H,Hi,C,—,N,A,Med,C,AI,1,A,Hi,C,AI,2,FALSE,FALSE,A,Hi,C,AI,2,N,Y,Session-direct,
1.7.2,1,Ecological & Scientific Knowledge,1.7,NOVEL ECOSYSTEMS & ADAPTATION,Assisted migration and managed relocation,DC,SC-sec,S1,,S3,,FALSE,1,FALSE,FALSE,FALSE,TRUE,FALSE,FALSE,Transition,FALSE,FALSE,1,3,,,,,,,Supporting,Supporting,,Core,Supporting,,,,,,,,,,A,Hi,C,AI,2,A,Hi,C,AI,2,A,Med,C,AI,1,FALSE,FALSE,A,Hi,C,AI,2,N,N,Session-direct,
1.7.3,1,Ecological & Scientific Knowledge,1.7,NOVEL ECOSYSTEMS & ADAPTATION,Climate refugia identification,DC,FC-sec,S1,,S5,,FALSE,0,FALSE,FALSE,FALSE,FALSE,FALSE,FALSE,Stable,FALSE,FALSE,2,3,,,,,,Supporting,Supporting,Supporting,,Core,Core,,,,,,,,,,A,Med,C,AI,1,A,Med,C,AI,1,A,Hi,C,AI,2,FALSE,FALSE,A,Med,C,AI,1,N,N,Session-direct,
1.7.4,1,Ecological & Scientific Knowledge,1.7,NOVEL ECOSYSTEMS & ADAPTATION,Ecological transformation management,DC,SC-sec,S1,,S6,,FALSE,0,FALSE,FALSE,FALSE,FALSE,FALSE,FALSE,Stable,FALSE,FALSE,1,4,,,,,,Supporting,Supporting,Supporting,,Core,Supporting,,,,,,,,,,A,Hi,C,AI,2,A,Hi,C,AI,2,A,Med,C,AI,1,FALSE,FALSE,A,Hi,C,AI,2,N,N,Session-direct,
1.7.5,1,Ecological & Scientific Knowledge,1.7,NOVEL ECOSYSTEMS & ADAPTATION,Non-analog futures planning,DC,SC-sec,S1,,S6,,FALSE,0,FALSE,FALSE,FALSE,FALSE,FALSE,FALSE,Stable,FALSE,FALSE,2,4,,,,,,Supporting,Supporting,Supporting,Supporting,Core,Core,,,,,,,,,,A,Med,C,AI,1,A,Hi,C,AI,2,A,Hi,C,AI,2,FALSE,FALSE,A,Hi,C,AI,2,N,N,Session-direct,
1.8.1,1,Ecological & Scientific Knowledge,1.8,SUSTAINABLE AGRICULTURE SCIENCE,Agroecology principles,DC,FC-sec,S1,,S6,,FALSE,0,FALSE,FALSE,FALSE,FALSE,FALSE,FALSE,Stable,FALSE,FALSE,1,2,,,,,,,,Supporting,,Supporting,,,,,Core,,,,,,A,Med,C,AI,1,A,Med,C,AI,1,A,Hi,C,AI,2,FALSE,FALSE,A,Med,C,AI,1,N,N,Session-direct,
1.8.2,1,Ecological & Scientific Knowledge,1.8,SUSTAINABLE AGRICULTURE SCIENCE,Soil carbon dynamics,DC,FC-sec,S1,,S5,,FALSE,1,FALSE,TRUE,FALSE,FALSE,FALSE,FALSE,Transition,FALSE,FALSE,2,2,,,,,,,,,,Supporting,Core,,,,Core,,,,,Supporting,A,Hi,C,AI,1,A,Med,C,AI,1,A,Med,C,AI,1,FALSE,FALSE,A,Med,C,AI,1,N,N,Session-direct,
1.8.3,1,Ecological & Scientific Knowledge,1.8,SUSTAINABLE AGRICULTURE SCIENCE,Regenerative agriculture systems,FC,DC-sec,S1,,S4,,FALSE,0,FALSE,FALSE,FALSE,FALSE,FALSE,FALSE,Stable,FALSE,FALSE,1,2,,,,,,,,,,Supporting,Supporting,,,,Core,,,,,,H,Hi,C,—,N,A,Hi,C,AI,1,A,Med,C,AI,1,FALSE,FALSE,A,Hi,C,AI,1,N,N,Session-direct,
1.8.4,1,Ecological & Scientific Knowledge,1.8,SUSTAINABLE AGRICULTURE SCIENCE,Agricultural-ecological integration,DC,FC-sec,S1,,S6,,FALSE,0,FALSE,FALSE,FALSE,FALSE,FALSE,FALSE,Stable,FALSE,FALSE,1,3,,,,,,,,Supporting,Supporting,Supporting,,,,,Core,,,,,,A,Hi,C,AI,2,A,Med,C,AI,1,A,Med,C,AI,1,FALSE,FALSE,A,Med,C,AI,1,N,N,Session-direct,
1.8.5,1,Ecological & Scientific Knowledge,1.8,SUSTAINABLE AGRICULTURE SCIENCE,Food systems ecology,DC,,S1,,S6,,FALSE,0,FALSE,FALSE,FALSE,FALSE,FALSE,FALSE,Stable,FALSE,FALSE,1,2,,,,,,,,,,Supporting,Supporting,,,,Core,,,,,,A,Med,C,AI,1,A,Med,C,AI,1,A,Hi,C,AI,2,FALSE,FALSE,A,Med,C,AI,1,N,N,Session-direct,
2.1.1,2,Technical & Technological Skills,2.1,GEOSPATIAL TECHNOLOGIES,Geographic Information Systems (GIS) operation,DC,FC-sec,S1,,,,FALSE,0,FALSE,FALSE,FALSE,FALSE,FALSE,FALSE,Transition,FALSE,FALSE,1,9,,,,,,Supporting,Supporting,Supporting,Supporting,Supporting,Supporting,Core,,Supporting,Supporting,,Supporting,,,,A,Lo,P,AI,1,A,Med,C,AI,1,Ac,Lo,P,AI,1,FALSE,FALSE,Ac,Lo,P,AI,1,N,N,Reconstructed (D2),
2.1.2,2,Technical & Technological Skills,2.1,GEOSPATIAL TECHNOLOGIES,Remote sensing data analysis,DC,FC-sec,S5,,S1,,FALSE,2,TRUE,TRUE,FALSE,FALSE,FALSE,FALSE,Transition,FALSE,FALSE,1,5,,,,,,Supporting,Supporting,,Supporting,Supporting,Supporting,Core,,,,,,,,,A,Med,P,AI,1,Ac,Lo,P,AI,1,A,Med,C,AI,2,FALSE,TRUE,Ac,Med,P,AI,1,N,N,Reconstructed (D2),
2.1.3,2,Technical & Technological Skills,2.1,GEOSPATIAL TECHNOLOGIES,GPS data collection and management,DC,FC-sec,S4,,S5,,FALSE,0,FALSE,FALSE,FALSE,FALSE,FALSE,FALSE,Transition,FALSE,FALSE,1,7,,,,,,Supporting,Supporting,Supporting,Supporting,Supporting,,Core,,,Supporting,,Supporting,,,,A,Hi,P,AI,1,Ac,Lo,P,AI,1,H,Hi,C,—,N,FALSE,FALSE,H,Hi,P,—,N,N,Y,Reconstructed (D2),
2.1.4,2,Technical & Technological Skills,2.1,GEOSPATIAL TECHNOLOGIES,Spatial analysis and modeling,DC,,S1,,S2,,FALSE,2,TRUE,FALSE,FALSE,FALSE,FALSE,TRUE,Transition,FALSE,FALSE,1,3,,,,,,,,,,Supporting,Supporting,Core,,Supporting,,,,,,,A,Med,P,AI,1,A,Med,C,AI,2,A,Med,C,AI,2,FALSE,FALSE,A,Med,C,AI,2,N,N,Reconstructed (D2),
2.1.5,2,Technical & Technological Skills,2.1,GEOSPATIAL TECHNOLOGIES,Cartography and visualization,DC,SC-sec,S1,,S2,,FALSE,1,TRUE,FALSE,FALSE,FALSE,FALSE,FALSE,Transition,FALSE,FALSE,1,3,,,,,,,,,,Supporting,,Core,,Supporting,,Supporting,,,,,Ac,Lo,P,AI,1,A,Med,C,AI,1,A,Med,C,AI,2,FALSE,FALSE,Ac,Med,C,AI,1,N,N,Reconstructed (D2),
2.2.1,2,Technical & Technological Skills,2.2,DATA MANAGEMENT & ANALYSIS,Database design and management,DC,SC-sec,S5,,S1,,FALSE,1,FALSE,TRUE,FALSE,FALSE,FALSE,FALSE,Transition,FALSE,FALSE,1,1,,,,,,,,,,Supporting,,Core,,,,,,,,,Ac,Lo,P,AI,1,A,Med,C,AI,1,Ac,Lo,P,AI,1,TRUE,FALSE,Ac,Lo,P,AI,1,Y,N,Reconstructed (D2),High
2.2.2,2,Technical & Technological Skills,2.2,DATA MANAGEMENT & ANALYSIS,Statistical analysis and interpretation,DC,,S5,,S6,,FALSE,0,FALSE,FALSE,FALSE,FALSE,FALSE,FALSE,Transition,FALSE,FALSE,3,2,,,,,,,Supporting,,Supporting,Core,Core,Core,,,,,,,,,A,Med,C,AI,1,A,Med,C,AI,1,Ac,Lo,P,AI,1,TRUE,FALSE,Ac,Med,C,AI,1,Y,N,Reconstructed (D2),Low
2.2.3,2,Technical & Technological Skills,2.2,DATA MANAGEMENT & ANALYSIS,"Data quality control and validation Ensuring that information collected is accurate, consistent, and reliable before it's used for decision-making.",DC,SC-sec,S5,,S2,,FALSE,2,TRUE,TRUE,FALSE,FALSE,FALSE,FALSE,Transition,FALSE,FALSE,1,6,,,,,,Supporting,Supporting,Supporting,Supporting,Supporting,Supporting,Core,,,,,,,,,A,Med,C,AI,1,Ac,Lo,P,AI,1,A,Med,C,AI,1,FALSE,FALSE,Ac,Med,C,AI,1,N,N,Reconstructed (D2),
2.2.4,2,Technical & Technological Skills,2.2,DATA MANAGEMENT & ANALYSIS,Programming and scripting,DC,,S5,,S6,,FALSE,1,FALSE,TRUE,FALSE,FALSE,FALSE,FALSE,Transition,FALSE,FALSE,1,2,,,,,,,,,,Supporting,Supporting,Core,,,,,,,,,Ac,Lo,P,AI,1,A,Med,C,AI,1,Ac,Lo,P,AI,1,TRUE,TRUE,Ac,Lo,P,AI,1,Y,N,Reconstructed (D2),High
2.2.5,2,Technical & Technological Skills,2.2,DATA MANAGEMENT & ANALYSIS,"Metadata standards and management Properly documenting information about the data (when, where, how it was collected) so others can understand and properly use it.",DC,SC-sec,S5,,S1,,FALSE,1,FALSE,TRUE,FALSE,FALSE,FALSE,FALSE,Transition,FALSE,FALSE,1,2,,,,,,,,,,Supporting,,Core,Supporting,,,,,,,,Ac,Lo,P,AI,1,Ac,Lo,P,AI,1,V,Lo,P,AI,1,TRUE,TRUE,V,Lo,P,AI,1,Y,N,Reconstructed (D2),Moderate
2.3.1,2,Technical & Technological Skills,2.3,FIELD TECHNOLOGY,Environmental sensor deployment and maintenance,DC,FC-sec,S5,,S4,,FALSE,1,FALSE,TRUE,FALSE,FALSE,FALSE,FALSE,Transition,FALSE,FALSE,1,6,,,,,,Supporting,Supporting,,Supporting,Supporting,Supporting,Core,,,,,Supporting,,,,A,Hi,P,AI,1,A,Hi,C,AI,1,Ac,Lo,P,AI,1,TRUE,FALSE,Ac,Hi,P,AI,1,Y,N,Reconstructed (D2),Low
2.3.2,2,Technical & Technological Skills,2.3,FIELD TECHNOLOGY,Drone operation and data collection,DC,FC-sec,S5,,S4,,FALSE,2,TRUE,TRUE,FALSE,FALSE,FALSE,FALSE,Transition,FALSE,FALSE,1,6,,,,,,Supporting,Supporting,Supporting,Supporting,Supporting,,Core,,,,,Supporting,,,,A,Hi,C,Cv,1,A,Hi,C,Cv,1,A,Med,C,AI,2,FALSE,TRUE,A,Hi,C,Cv,1,N,N,Reconstructed (D2),
2.3.3,2,Technical & Technological Skills,2.3,FIELD TECHNOLOGY,Field data recording systems,DC,FC-sec,S4,,S5,,FALSE,0,FALSE,FALSE,FALSE,FALSE,FALSE,FALSE,Transition,FALSE,FALSE,1,7,,,,,,Supporting,Supporting,Supporting,Supporting,Supporting,,Core,,,Supporting,,Supporting,,,,A,Med,C,AI,1,A,Med,P,AI,1,Ac,Lo,P,AI,1,TRUE,FALSE,Ac,Med,P,AI,1,Y,N,Reconstructed (D2),Moderate
2.3.4,2,Technical & Technological Skills,2.3,FIELD TECHNOLOGY,Mobile applications for field science,DC,FC-sec,S4,,S5,,FALSE,1,FALSE,TRUE,FALSE,FALSE,FALSE,FALSE,Transition,FALSE,FALSE,1,7,,,,,,Supporting,Supporting,Supporting,Supporting,Supporting,,Core,,,Supporting,,Supporting,,,,A,Med,P,AI,1,A,Med,C,AI,1,A,Med,C,AI,1,FALSE,FALSE,A,Med,C,AI,1,N,N,Reconstructed (D2),
2.3.5,2,Technical & Technological Skills,2.3,FIELD TECHNOLOGY,Remote communication systems,DC,FC-sec,S4,,,,FALSE,0,FALSE,FALSE,FALSE,FALSE,FALSE,FALSE,Stable,FALSE,FALSE,1,6,,,,,,Supporting,Supporting,Supporting,Supporting,Supporting,,,,,Supporting,,Core,,,,A,Hi,P,AI,1,A,Med,C,AI,1,A,Med,C,AI,1,FALSE,FALSE,A,Med,C,AI,1,N,N,Reconstructed (D2),
2.4.1,2,Technical & Technological Skills,2.4,ADVANCED ANALYTICS,Machine learning for environmental applications,DC,,S5,,S6,,FALSE,1,FALSE,TRUE,FALSE,FALSE,FALSE,FALSE,Transition,FALSE,FALSE,1,2,,,,,,,,,,Supporting,Supporting,Core,,,,,,,,,A,Hi,X,AI,1,A,Med,C,AI,1,A,Med,C,AI,2,FALSE,FALSE,A,Med,C,AI,1,N,N,Reconstructed (D2),
2.4.2,2,Technical & Technological Skills,2.4,ADVANCED ANALYTICS,Predictive modeling and simulation,DC,,S1,,S6,,FALSE,1,TRUE,FALSE,FALSE,FALSE,FALSE,FALSE,Transition,FALSE,FALSE,1,3,,,,,,,,,Supporting,Supporting,Supporting,Core,,,,,,,,,A,Hi,C,AI,1,A,Med,C,AI,1,A,Med,C,AI,2,FALSE,TRUE,A,Med,C,AI,1,N,N,Reconstructed (D2),
2.4.3,2,Technical & Technological Skills,2.4,ADVANCED ANALYTICS,Decision support systems,DC,SC-sec,S1,,S6,,FALSE,2,FALSE,TRUE,FALSE,FALSE,TRUE,FALSE,Transition,FALSE,FALSE,1,8,,,,,,Supporting,Supporting,Supporting,Supporting,Supporting,Supporting,Core,Supporting,Supporting,,,,,,,Ac,Lo,P,AI,1,A,Med,C,AI,1,A,Hi,C,AI,2,TRUE,FALSE,Ac,Hi,C,AI,1,Y,N,Reconstructed (D2),Moderate
2.4.4,2,Technical & Technological Skills,2.4,ADVANCED ANALYTICS,Network analysis,DC,,S1,,S5,,FALSE,0,FALSE,FALSE,FALSE,FALSE,FALSE,FALSE,Stable,FALSE,FALSE,1,2,,,,,,,,,Supporting,Supporting,,Core,,,,,,,,,A,Med,C,AI,1,A,Med,C,AI,1,A,Med,C,AI,2,FALSE,FALSE,A,Med,C,AI,1,N,N,Reconstructed (D2),
2.4.5,2,Technical & Technological Skills,2.4,ADVANCED ANALYTICS,Time series analysis,DC,,S5,,S6,,FALSE,0,FALSE,FALSE,FALSE,FALSE,FALSE,FALSE,Transition,FALSE,FALSE,1,3,,,,,,,,,Supporting,Supporting,Supporting,Core,,,,,,,,,Ac,Lo,P,AI,1,A,Med,C,AI,1,A,Med,C,AI,2,TRUE,TRUE,Ac,Med,C,AI,1,Y,N,Reconstructed (D2),Moderate
2.5.1,2,Technical & Technological Skills,2.5,DIGITAL COLLABORATION TOOLS,Virtual meeting facilitation,DC,SC-sec,S1,,S2,,FALSE,1,FALSE,TRUE,FALSE,FALSE,FALSE,FALSE,Transition,FALSE,FALSE,1,0,,,,,,,,,,,,Core,,,,,,,,,Ac,Lo,P,AI,1,A,Med,C,AI,1,A,Med,C,AI,1,TRUE,FALSE,Ac,Med,C,AI,1,Y,N,Reconstructed (D2),Low
2.5.2,2,Technical & Technological Skills,2.5,DIGITAL COLLABORATION TOOLS,Collaborative document management,DC,SC-sec,S1,,S2,,FALSE,2,TRUE,TRUE,FALSE,FALSE,FALSE,FALSE,Transition,FALSE,FALSE,1,0,,,,,,,,,,,,Core,,,,,,,,,Ac,Lo,P,AI,1,A,Med,C,AI,1,Ac,Lo,P,AI,1,TRUE,FALSE,Ac,Lo,P,AI,1,Y,N,Reconstructed (D2),Moderate
2.5.3,2,Technical & Technological Skills,2.5,DIGITAL COLLABORATION TOOLS,Project management software,DC,,S1,,S4,,FALSE,0,FALSE,FALSE,FALSE,FALSE,FALSE,FALSE,Transition,FALSE,FALSE,1,0,,,,,,,,,,,,Core,,,,,,,,,Ac,Lo,P,AI,1,Ac,Lo,P,AI,1,A,Med,C,AI,1,TRUE,FALSE,Ac,Lo,P,AI,1,Y,N,Reconstructed (D2),Moderate
2.5.4,2,Technical & Technological Skills,2.5,DIGITAL COLLABORATION TOOLS,Knowledge management systems,DC,SC-sec,S6,,S1,,FALSE,0,FALSE,FALSE,FALSE,FALSE,FALSE,FALSE,Transition,FALSE,FALSE,1,1,,,,,,,,,,,,Core,,,,Supporting,,,,,Ac,Lo,P,AI,1,Ac,Lo,P,AI,1,A,Med,C,AI,2,TRUE,TRUE,Ac,Lo,P,AI,1,Y,N,Reconstructed (D2),Moderate
2.5.5,2,Technical & Technological Skills,2.5,DIGITAL COLLABORATION TOOLS,Digital workflow design,DC,SC-sec,S1,,S3,,FALSE,2,FALSE,TRUE,FALSE,FALSE,TRUE,FALSE,Transition,FALSE,FALSE,1,0,,,,,,,,,,,,Core,,,,,,,,,A,Med,C,AI,1,A,Med,C,AI,1,A,Med,C,AI,2,FALSE,FALSE,A,Med,C,AI,1,N,N,Reconstructed (D2),
2.6.1,2,Technical & Technological Skills,2.6,AI-ENHANCED ENVIRONMENTAL MONITORING,Computer vision for environmental applications,DC,SC-sec,S5,,S6,,FALSE,1,FALSE,TRUE,FALSE,FALSE,FALSE,FALSE,Emergent,FALSE,FALSE,1,2,,,,,,,Supporting,,,Supporting,,Core,,,,,,,,,A,Hi,X,AI,1,A,Med,C,AI,1,A,Hi,C,AI,2,FALSE,FALSE,A,Hi,C,AI,1,N,N,Reconstructed (D2),
2.6.2,2,Technical & Technological Skills,2.6,AI-ENHANCED ENVIRONMENTAL MONITORING,Acoustic monitoring and analysis with AI,DC,,S5,,S6,,FALSE,2,TRUE,TRUE,FALSE,FALSE,FALSE,FALSE,Emergent,FALSE,FALSE,1,3,,,,,,,Supporting,,Supporting,Supporting,,Core,,,,,,,,,A,Hi,P,AI,1,V,Lo,P,AI,1,A,Med,C,AI,2,FALSE,FALSE,V,Hi,P,AI,1,N,N,Reconstructed (D2),
2.6.3,2,Technical & Technological Skills,2.6,AI-ENHANCED ENVIRONMENTAL MONITORING,Predictive analytics for resource management,DC,,S6,,S1,,FALSE,0,FALSE,FALSE,FALSE,FALSE,FALSE,FALSE,Emergent,FALSE,FALSE,1,6,,,,,,Supporting,Supporting,Supporting,Supporting,Supporting,Supporting,Core,,,,,,,,,A,Hi,C,AI,1,A,Med,C,AI,1,A,Med,C,AI,2,FALSE,FALSE,A,Med,C,AI,1,N,N,Reconstructed (D2),
2.6.4,2,Technical & Technological Skills,2.6,AI-ENHANCED ENVIRONMENTAL MONITORING,Automated data processing and quality control with AI,DC,,S5,,,,FALSE,1,FALSE,TRUE,FALSE,FALSE,FALSE,FALSE,Emergent,FALSE,FALSE,1,2,,,,,,,,,,Supporting,Supporting,Core,,,,,,,,,A,Med,C,AI,1,V,Lo,P,AI,1,A,Med,C,AI,2,FALSE,FALSE,V,Med,C,AI,1,N,N,Reconstructed (D2),
2.6.5,2,Technical & Technological Skills,2.6,AI-ENHANCED ENVIRONMENTAL MONITORING,AI model interpretation and explainability,DC,SC-sec,S5,,S2,,FALSE,1,FALSE,TRUE,FALSE,FALSE,FALSE,FALSE,Emergent,FALSE,FALSE,1,3,,,,,,,,,,Supporting,Supporting,Core,Supporting,,,,,,,,A,Hi,C,AI,1,A,Med,C,AI,1,A,Hi,C,AI,2,FALSE,FALSE,A,Hi,C,AI,1,N,N,Reconstructed (D2),
2.7.1,2,Technical & Technological Skills,2.7,IMMERSIVE TECHNOLOGIES,Augmented reality field applications,DC,FC-sec,S4,,S5,,FALSE,0,FALSE,FALSE,FALSE,FALSE,FALSE,FALSE,Emergent,FALSE,FALSE,1,4,,,,,,Supporting,Supporting,Supporting,Supporting,,,Core,,,,,,,,,A,Med,C,AI,2,A,Med,P,AI,2,A,Med,C,AI,2,FALSE,FALSE,A,Med,C,AI,2,N,N,Reconstructed (D2),
2.7.2,2,Technical & Technological Skills,2.7,IMMERSIVE TECHNOLOGIES,Virtual reality environmental education,DC,SC-sec,S1,,,,FALSE,1,FALSE,TRUE,FALSE,FALSE,FALSE,FALSE,Emergent,FALSE,FALSE,2,1,,,,,,,,,,Supporting,,Core,,,,Core,,,,,A,Med,C,AI,2,A,Med,C,AI,2,A,Med,C,AI,2,FALSE,FALSE,A,Med,C,AI,2,N,N,Reconstructed (D2),
2.7.3,2,Technical & Technological Skills,2.7,IMMERSIVE TECHNOLOGIES,Digital twin development and management,DC,SC-sec,S1,,,,FALSE,0,FALSE,FALSE,FALSE,FALSE,FALSE,FALSE,Emergent,FALSE,FALSE,1,2,,,,,,,,,Supporting,,,Core,,Supporting,,,,,,,A,Hi,C,AI,2,A,Med,C,AI,2,A,Med,C,AI,2,FALSE,FALSE,A,Med,C,AI,2,N,N,Reconstructed (D2),
2.7.4,2,Technical & Technological Skills,2.7,IMMERSIVE TECHNOLOGIES,Immersive visualization design,DC,SC-sec,S1,,S2,,FALSE,2,TRUE,TRUE,FALSE,FALSE,FALSE,FALSE,Emergent,FALSE,FALSE,1,2,,,,,,,,,,,,Core,,Supporting,,Supporting,,,,,A,Med,C,AI,2,A,Med,C,AI,1,A,Med,C,AI,2,FALSE,FALSE,A,Med,C,AI,2,N,N,Reconstructed (D2),
2.7.5,2,Technical & Technological Skills,2.7,IMMERSIVE TECHNOLOGIES,3D landscape modeling,DC,FC-sec,S1,,S5,,FALSE,1,TRUE,FALSE,FALSE,FALSE,FALSE,FALSE,Emergent,FALSE,FALSE,1,3,,,,,,,,,Supporting,Supporting,,Core,,Supporting,,,,,,,Ac,Lo,P,AI,1,A,Med,C,AI,1,Ac,Lo,P,AI,1,TRUE,FALSE,Ac,Lo,P,AI,1,Y,N,Reconstructed (D2),Moderate
3.1.1,3,Management & Administrative Skills,3.1,PROJECT MANAGEMENT,"Project planning and scheduling Breaking down complex conservation work into manageable tasks, creating timelines, and determining the resources needed.",SC,DC-sec,S1,,S4,,FALSE,0,FALSE,FALSE,FALSE,FALSE,FALSE,FALSE,Transition,TRUE,TRUE,0,10,,,,,,Supporting,Supporting,Supporting,Supporting,Supporting,Supporting,,Supporting,Supporting,Supporting,,,,Supporting,,A,Med,P,AI,1,Ac,Lo,P,AI,1,H,Hi,C,—,N,TRUE,FALSE,H,Hi,P,—,N,Y,Y,Session-direct,Moderate
3.1.2,3,Management & Administrative Skills,3.1,PROJECT MANAGEMENT,Budget development and management,SC,DC-sec,S1,,S4,,FALSE,1,FALSE,TRUE,FALSE,FALSE,FALSE,FALSE,Transition,TRUE,TRUE,0,10,,,,,,Supporting,Supporting,Supporting,Supporting,Supporting,Supporting,,Supporting,Supporting,Supporting,,,,Supporting,,Ac,Med,P,AI,1,Ac,Lo,P,AI,1,A,Hi,C,AI,2,TRUE,FALSE,Ac,Hi,P,AI,1,Y,N,Session-direct,High
3.1.3,3,Management & Administrative Skills,3.1,PROJECT MANAGEMENT,Risk assessment and mitigation,SC,DC-sec,S1,,S4,,FALSE,0,FALSE,FALSE,FALSE,FALSE,FALSE,FALSE,Stable,TRUE,TRUE,0,10,,,,,,Supporting,Supporting,Supporting,Supporting,Supporting,Supporting,,Supporting,Supporting,,,Supporting,,Supporting,,A,Med,C,AI,1,A,Hi,C,AI,2,A,Med,C,AI,1,FALSE,FALSE,A,Med,C,AI,1,N,N,Session-direct,
3.1.4,3,Management & Administrative Skills,3.1,PROJECT MANAGEMENT,"Contract and agreement administration Managing formal arrangements with vendors, partners, or contractors who provide services for land management projects.",SC,DC-sec,S3,,S4,,FALSE,1,FALSE,TRUE,FALSE,FALSE,FALSE,FALSE,Transition,TRUE,TRUE,0,5,,,,,,Supporting,,Supporting,,,,,Supporting,Supporting,,,,,Supporting,,A,Med,C,AI,1,Ac,Lo,C,AI,1,H,Hi,C,—,N,FALSE,FALSE,H,Hi,C,—,N,N,Y,Session-direct,
3.1.5,3,Management & Administrative Skills,3.1,PROJECT MANAGEMENT,Performance monitoring and evaluation,SC,DC-sec,S5,,S6,,FALSE,0,FALSE,FALSE,FALSE,FALSE,FALSE,FALSE,Transition,TRUE,TRUE,0,8,,,,,,Supporting,Supporting,Supporting,Supporting,Supporting,Supporting,,,Supporting,,,,,Supporting,,A,Med,C,AI,2,Ac,Lo,P,AI,1,A,Hi,C,AI,2,TRUE,FALSE,Ac,Hi,C,AI,2,Y,N,Session-direct,Moderate
3.2.1,3,Management & Administrative Skills,3.2,STRATEGIC PLANNING,Organizational assessment,SC,DC-sec,S1,,S6,,FALSE,0,FALSE,FALSE,FALSE,FALSE,FALSE,FALSE,Stable,TRUE,TRUE,0,3,,,,,,,,,,,,,Supporting,Supporting,,,,,Supporting,,A,Med,C,AI,1,A,Hi,C,AI,2,H,Hi,C,—,N,FALSE,FALSE,H,Hi,C,—,N,N,N,Session-direct,
3.2.2,3,Management & Administrative Skills,3.2,STRATEGIC PLANNING,Vision and mission development,SC,,S1,,,,FALSE,0,FALSE,FALSE,FALSE,FALSE,FALSE,FALSE,Stable,TRUE,TRUE,0,3,,,,,,,,,,,,,Supporting,Supporting,,,,,Supporting,,H,Hi,C,—,N,A,Hi,C,AI,2,H,Hi,X,—,N,FALSE,FALSE,H,Hi,C,—,N,N,N,Session-direct,
3.2.3,3,Management & Administrative Skills,3.2,STRATEGIC PLANNING,"Goal setting and objective definition Establishing specific, measurable targets that will guide land management activities over time.",SC,DC-sec,S1,,S6,,FALSE,0,FALSE,FALSE,FALSE,FALSE,FALSE,FALSE,Transition,TRUE,TRUE,0,9,,,,,,Supporting,Supporting,Supporting,Supporting,Supporting,Supporting,,Supporting,Supporting,,,,,Supporting,,A,Med,C,AI,1,H,Hi,C,—,N,Ac,Lo,P,AI,1,TRUE,FALSE,H,Hi,C,—,N,Y,Y,Session-direct,Low
3.2.4,3,Management & Administrative Skills,3.2,STRATEGIC PLANNING,Implementation strategy design,SC,DC-sec,S1,,S4,,FALSE,0,FALSE,FALSE,FALSE,FALSE,FALSE,FALSE,Stable,TRUE,TRUE,0,5,,,,,,Supporting,,Supporting,,,,,Supporting,Supporting,,,,,Supporting,,A,Hi,C,AI,2,A,Med,C,AI,1,H,Hi,C,—,N,FALSE,FALSE,H,Hi,C,—,N,N,N,Session-direct,
3.2.5,3,Management & Administrative Skills,3.2,STRATEGIC PLANNING,Adaptive management planning,SC,DC-sec,S1,,S6,,FALSE,0,FALSE,FALSE,FALSE,FALSE,FALSE,FALSE,Transition,TRUE,TRUE,0,6,,,,,,Supporting,Supporting,Supporting,Supporting,Supporting,Supporting,,,,,,,,,,A,Hi,C,AI,2,H,Hi,C,—,N,Ac,Lo,P,AI,1,TRUE,FALSE,H,Hi,C,—,N,Y,Y,Session-direct,Low
3.3.1,3,Management & Administrative Skills,3.3,RESOURCE ADMINISTRATION,"Personnel management and supervision Directing, supporting, and evaluating staff members who carry out land management activities.",SC,DC-sec,S4,,S1,,FALSE,0,FALSE,FALSE,FALSE,FALSE,FALSE,FALSE,Transition,TRUE,TRUE,0,7,,,,,,Supporting,Supporting,Supporting,,,,,Supporting,Supporting,,,Supporting,,Supporting,,A,Hi,C,AI,1,H,Hi,C,—,N,Ac,Lo,P,AI,1,TRUE,FALSE,H,Hi,C,—,N,Y,Y,Session-direct,Low
3.3.2,3,Management & Administrative Skills,3.3,RESOURCE ADMINISTRATION,"Equipment and asset management Tracking, maintaining, and allocating vehicles, tools, and other physical resources needed for land management.",SC,DC-sec,S4,,S1,,FALSE,0,FALSE,FALSE,FALSE,FALSE,FALSE,FALSE,Transition,TRUE,TRUE,0,4,,,,,,Supporting,,Supporting,Supporting,,,,,,,,Supporting,,,,Ac,Lo,P,AI,1,A,Med,C,AI,1,A,Med,C,AI,2,TRUE,FALSE,Ac,Med,C,AI,1,Y,N,Session-direct,Moderate
3.3.3,3,Management & Administrative Skills,3.3,RESOURCE ADMINISTRATION,Facilities operations and maintenance,SC,,S4,,,,FALSE,0,FALSE,FALSE,FALSE,FALSE,FALSE,FALSE,Transition,TRUE,TRUE,0,1,,,,,,,,,,,,,,,,,,,Supporting,,Ac,Lo,C,AI,1,A,Med,C,AI,1,A,Med,C,AI,2,FALSE,FALSE,Ac,Med,C,AI,1,N,N,Session-direct,
3.3.4,3,Management & Administrative Skills,3.3,RESOURCE ADMINISTRATION,Procurement and purchasing,SC,DC-sec,S1,,S4,,FALSE,1,FALSE,TRUE,FALSE,FALSE,FALSE,FALSE,Transition,TRUE,TRUE,0,3,,,,,,Supporting,,Supporting,,,,,,,,,,,Supporting,,A,Med,C,AI,1,Ac,Lo,C,AI,1,A,Med,C,AI,1,FALSE,FALSE,Ac,Med,C,AI,1,N,N,Session-direct,
3.3.5,3,Management & Administrative Skills,3.3,RESOURCE ADMINISTRATION,Records management and documentation,SC,DC-sec,S5,,S3,,FALSE,1,FALSE,TRUE,FALSE,FALSE,FALSE,FALSE,Transition,TRUE,TRUE,0,2,,,,,,,,,,,,,Supporting,,,,,,Supporting,,A,Med,C,AI,1,Ac,Lo,P,AI,1,A,Med,C,AI,1,TRUE,FALSE,Ac,Med,C,AI,1,Y,N,Session-direct,Moderate
3.4.1,3,Management & Administrative Skills,3.4,FINANCIAL MANAGEMENT,Digital financial systems and data-driven budgeting,DC,SC-sec,S1,,S5,,FALSE,1,FALSE,TRUE,FALSE,FALSE,FALSE,FALSE,Emergent,FALSE,TRUE,0,1,,,,,,,,,,,,,,,,,,,Supporting,,A,Med,C,AI,1,A,Med,C,AI,1,V,Lo,C,AI,1,FALSE,FALSE,V,Med,C,AI,1,N,N,Session-direct,
3.4.2,3,Management & Administrative Skills,3.4,FINANCIAL MANAGEMENT,Emerging conservation finance mechanisms,SC,DC-sec,S1,,S3,,FALSE,2,FALSE,TRUE,FALSE,FALSE,FALSE,TRUE,Emergent,FALSE,FALSE,1,3,,,,,,,,Supporting,,Supporting,,,,,,,,,Supporting,Core,A,Hi,C,AI,2,H,Hi,X,—,N,A,Med,C,AI,1,FALSE,FALSE,H,Hi,C,—,N,N,N,Session-direct,
3.4.3,3,Management & Administrative Skills,3.4,FINANCIAL MANAGEMENT,"Cryptocurrency, digital payments, and decentralized finance Managing emerging digital currencies and decentralized financial systems for conservation funding and transactions.",DC,SC-sec,S1,,,,FALSE,1,FALSE,TRUE,FALSE,FALSE,FALSE,FALSE,Emergent,FALSE,TRUE,0,1,,,,,,,,,,,,,,,,,,,,Supporting,A,Hi,C,AI,2,A,Med,C,AI,1,Ac,Lo,C,AI,1,FALSE,FALSE,Ac,Hi,C,AI,1,N,N,Session-direct,
3.4.4,3,Management & Administrative Skills,3.4,FINANCIAL MANAGEMENT,Automated financial operations and AI-enhanced compliance,DC,SC-sec,S5,,S1,,FALSE,1,FALSE,TRUE,FALSE,FALSE,FALSE,FALSE,Emergent,FALSE,TRUE,0,1,,,,,,,,,,,,,,,,,,,Supporting,,A,Hi,C,AI,1,V,Lo,C,AI,1,A,Med,C,AI,1,FALSE,FALSE,V,Hi,C,AI,1,N,N,Session-direct,
3.4.5,3,Management & Administrative Skills,3.4,FINANCIAL MANAGEMENT,Real-time impact measurement and financial transparency,DC,SC-sec,S5,,S6,,FALSE,1,FALSE,TRUE,FALSE,FALSE,FALSE,FALSE,Emergent,FALSE,FALSE,1,2,,,,,,,,,,Supporting,,,,,,,,,Supporting,Core,A,Hi,C,AI,2,V,Lo,C,AI,1,A,Hi,C,AI,2,FALSE,FALSE,V,Hi,C,AI,2,N,N,Session-direct,
3.5.1,3,Management & Administrative Skills,3.5,LEADERSHIP,Leading through digital transformation and technological disruption,SC,DC-sec,S1,,S6,,FALSE,1,FALSE,TRUE,FALSE,FALSE,FALSE,FALSE,Transition,TRUE,TRUE,0,2,,,,,,,,,,,,,Supporting,,,,,,Supporting,,A,Hi,C,AI,2,H,Hi,C,—,N,A,Hi,C,AI,1,FALSE,FALSE,H,Hi,C,—,N,N,N,Session-direct,
3.5.2,3,Management & Administrative Skills,3.5,LEADERSHIP,Remote and hybrid team leadership,SC,,S4,,S1,,FALSE,0,FALSE,FALSE,FALSE,FALSE,FALSE,FALSE,Stable,TRUE,TRUE,0,2,,,,,,,,,,Supporting,,,,,,,,,Supporting,,A,Hi,C,AI,2,H,Hi,C,—,N,H,Hi,C,—,N,FALSE,FALSE,H,Hi,C,—,N,N,N,Session-direct,
3.5.3,3,Management & Administrative Skills,3.5,LEADERSHIP,Building organizational resilience and managing change fatigue,SC,,S1,,S6,,FALSE,0,FALSE,FALSE,FALSE,FALSE,FALSE,FALSE,Stable,TRUE,TRUE,0,3,,,,,,,,,,,,,Supporting,,,,Supporting,,Supporting,,A,Hi,C,AI,2,H,Hi,C,—,N,H,Hi,C,—,N,FALSE,FALSE,H,Hi,C,—,N,N,N,Session-direct,
3.5.4,3,Management & Administrative Skills,3.5,LEADERSHIP,Cross-generational leadership and bridging technological divides,SC,,S1,,S4,,FALSE,0,FALSE,FALSE,FALSE,FALSE,FALSE,FALSE,Stable,TRUE,TRUE,0,2,,,,,,,,,,,,,,,,Supporting,,,Supporting,,A,Med,C,AI,1,H,Hi,C,—,N,A,Hi,C,AI,2,FALSE,FALSE,H,Hi,C,—,N,N,N,Session-direct,
3.5.5,3,Management & Administrative Skills,3.5,LEADERSHIP,Ethical leadership in the age of AI and algorithmic decision-making,SC,DC-sec,S1,,S6,,FALSE,1,FALSE,TRUE,FALSE,FALSE,FALSE,FALSE,Transition,TRUE,TRUE,0,3,,,,,,,,,,,,Supporting,Supporting,,,,,,Supporting,,A,Hi,C,AI,2,A,Hi,C,AI,1,H,Hi,X,—,N,FALSE,FALSE,H,Hi,C,—,N,N,N,Session-direct,
3.6.1,3,Management & Administrative Skills,3.6,CORPORATE SUSTAINABILITY & ESG MANAGEMENT,ESG strategy development and implementation,SC,DC-sec,S1,,S2,,FALSE,1,FALSE,TRUE,FALSE,FALSE,FALSE,FALSE,Transition,FALSE,FALSE,1,3,,,,,,,,,,,Supporting,,Supporting,,,,,,Core,Supporting,A,Med,C,AI,1,A,Hi,C,AI,2,A,Hi,C,AI,1,FALSE,FALSE,A,Hi,C,AI,1,N,N,Session-direct,
3.6.2,3,Management & Administrative Skills,3.6,CORPORATE SUSTAINABILITY & ESG MANAGEMENT,"Sustainability reporting and disclosure (GRI, SASB, TCFD)",SC,DC-sec,S2,,S5,,FALSE,2,FALSE,TRUE,FALSE,FALSE,FALSE,TRUE,Transition,FALSE,FALSE,1,3,,,,,,,,,,,Supporting,,Supporting,,,,,,Core,Supporting,Ac,Lo,P,AI,1,Ac,Med,C,AI,1,H,Hi,C,—,N,TRUE,FALSE,H,Hi,C,—,N,Y,N,Session-direct,Moderate
3.6.3,3,Management & Administrative Skills,3.6,CORPORATE SUSTAINABILITY & ESG MANAGEMENT,Stakeholder engagement for sustainability,SC,,S1,,S2,,FALSE,0,FALSE,FALSE,FALSE,FALSE,FALSE,FALSE,Stable,FALSE,FALSE,1,4,,,,,,,,,,Supporting,,,Supporting,,,Supporting,,,Core,Supporting,A,Med,C,AI,1,H,Hi,C,—,N,A,Hi,C,AI,2,FALSE,FALSE,H,Hi,C,—,N,N,N,Session-direct,
3.6.4,3,Management & Administrative Skills,3.6,CORPORATE SUSTAINABILITY & ESG MANAGEMENT,Materiality assessment and prioritization,SC,DC-sec,S1,,S2,,FALSE,0,FALSE,FALSE,FALSE,FALSE,FALSE,FALSE,Transition,FALSE,FALSE,1,2,,,,,,,,,,,,,Supporting,,,,,,Core,Supporting,A,Med,C,AI,1,Ac,Med,C,AI,1,H,Hi,X,—,N,FALSE,FALSE,H,Med,C,—,N,N,Y,Session-direct,
3.6.5,3,Management & Administrative Skills,3.6,CORPORATE SUSTAINABILITY & ESG MANAGEMENT,"Sustainability performance metrics and KPIs Developing, tracking, and reporting meaningful sustainability metrics using digital systems and ensuring they drive continuous improvement.",DC,SC-sec,S5,,S1,,FALSE,1,FALSE,TRUE,FALSE,FALSE,FALSE,FALSE,Transition,FALSE,FALSE,1,3,,,,,,,,,,,,Supporting,Supporting,,,,,,Core,Supporting,A,Med,C,AI,2,V,Lo,C,AI,1,A,Hi,C,AI,2,FALSE,FALSE,V,Hi,C,AI,2,N,N,Session-direct,
3.7.1,3,Management & Administrative Skills,3.7,CIRCULAR ECONOMY & WASTE SYSTEMS,Circular economy strategy and business model design,SC,DC-sec,S1,,S4,,FALSE,0,FALSE,FALSE,FALSE,FALSE,FALSE,FALSE,Stable,FALSE,FALSE,1,1,,,,,,,,,,,,,Supporting,,,,,,Core,,A,Hi,C,AI,1,A,Hi,C,AI,2,H,Hi,C,—,N,FALSE,FALSE,H,Hi,C,—,N,N,N,Session-direct,
3.7.2,3,Management & Administrative Skills,3.7,CIRCULAR ECONOMY & WASTE SYSTEMS,Waste reduction and zero waste programs,SC,DC-sec,S4,,S5,,FALSE,0,FALSE,FALSE,FALSE,FALSE,FALSE,FALSE,Transition,FALSE,FALSE,1,2,,,,,,,,,,,,,Supporting,,,,,Supporting,Core,,A,Med,C,AI,2,A,Med,C,AI,1,Ac,Lo,P,AI,1,TRUE,FALSE,Ac,Med,C,AI,1,Y,N,Session-direct,Low
3.7.3,3,Management & Administrative Skills,3.7,CIRCULAR ECONOMY & WASTE SYSTEMS,Product lifecycle assessment and design,DC,SC-sec,S2,,S1,,FALSE,1,FALSE,TRUE,FALSE,FALSE,FALSE,FALSE,Transition,FALSE,FALSE,1,2,,,,,,,,,,Supporting,Supporting,,,,,,,,Core,,A,Hi,C,AI,1,Ac,Med,C,AI,1,A,Hi,C,AI,2,FALSE,TRUE,Ac,Hi,C,AI,1,N,N,Session-direct,
3.7.4,3,Management & Administrative Skills,3.7,CIRCULAR ECONOMY & WASTE SYSTEMS,"Reverse logistics and closed-loop systems Designing and managing systems that recover products and materials at end-of-life for reuse, remanufacturing, or recycling using digital tracking and optimization.",SC,DC-sec,S4,,S1,,FALSE,0,FALSE,FALSE,FALSE,FALSE,FALSE,FALSE,Transition,FALSE,FALSE,1,1,,,,,,,,,,,,,Supporting,,,,,,Core,,A,Hi,C,AI,2,A,Med,C,AI,1,Ac,Lo,C,AI,1,FALSE,FALSE,Ac,Hi,C,AI,1,N,N,Session-direct,
3.7.5,3,Management & Administrative Skills,3.7,CIRCULAR ECONOMY & WASTE SYSTEMS,Material flow analysis and optimization,DC,SC-sec,S1,,S5,,FALSE,1,FALSE,TRUE,FALSE,FALSE,FALSE,FALSE,Transition,FALSE,FALSE,1,2,,,,,,,,,,Supporting,,Supporting,,,,,,,Core,,A,Hi,C,AI,1,Ac,Med,C,AI,1,A,Hi,C,AI,2,FALSE,TRUE,Ac,Hi,C,AI,1,N,N,Session-direct,
4.1.1,4,Field Operations Skills,4.1,FIELD ASSESSMENT & MONITORING,Vegetation sampling and assessment,FC,DC-sec,S5,,S1,,FALSE,1,TRUE,FALSE,FALSE,FALSE,FALSE,FALSE,Transition,FALSE,FALSE,2,5,,,,,,Supporting,Supporting,Core,Supporting,Core,,,,,Supporting,,Supporting,,,,A,Hi,P,AI,1,A,Lo,P,AI,1,A,Hi,P,AI,1,FALSE,FALSE,A,Hi,P,AI,1,N,N,Session-direct,
4.1.2,4,Field Operations Skills,4.1,FIELD ASSESSMENT & MONITORING,Wildlife observation and sign interpretation,FC,DC-sec,S5,,S2,,FALSE,2,TRUE,FALSE,FALSE,TRUE,FALSE,FALSE,Transition,FALSE,FALSE,2,3,,,,,,Supporting,Core,Supporting,,Core,,,,,,,Supporting,,,,A,Hi,P,AI,1,H,Hi,P,—,N,A,Lo,P,AI,1,FALSE,FALSE,H,Hi,P,—,N,N,N,Session-direct,
4.1.3,4,Field Operations Skills,4.1,FIELD ASSESSMENT & MONITORING,Water quality testing and aquatic surveys,FC,DC-sec,S5,,S3,,FALSE,2,TRUE,FALSE,FALSE,TRUE,FALSE,FALSE,Transition,FALSE,FALSE,2,3,,,,,,,Core,Supporting,Core,Supporting,,,,,Supporting,,,,,,A,Med,P,AI,1,A,Hi,P,AI,2,V,Med,P,AI,1,FALSE,FALSE,V,Med,P,AI,1,N,N,Session-direct,
4.1.4,4,Field Operations Skills,4.1,FIELD ASSESSMENT & MONITORING,"Soil characterization and sampling Assessing soil properties, health, and function through field observation and sampling.",FC,DC-sec,S5,,S1,,FALSE,0,FALSE,FALSE,FALSE,FALSE,FALSE,FALSE,Stable,FALSE,FALSE,3,2,,,,,,Supporting,,Core,Core,Supporting,,,,,Core,,,,,,H,Hi,P,—,N,A,Med,P,AI,1,H,Hi,P,—,N,FALSE,FALSE,H,Hi,P,—,N,N,N,Session-direct,
4.1.5,4,Field Operations Skills,4.1,FIELD ASSESSMENT & MONITORING,Digital data collection and management,FC,DC-sec,S4,,S5,,FALSE,1,FALSE,TRUE,FALSE,FALSE,FALSE,FALSE,Transition,FALSE,TRUE,0,7,,,,,,Supporting,Supporting,Supporting,Supporting,Supporting,,,,,Supporting,,Supporting,,,,A,Lo,P,AI,1,A,Med,P,AI,1,Ac,Lo,P,AI,1,TRUE,FALSE,Ac,Lo,P,AI,1,Y,N,Session-direct,Moderate
4.2.1,4,Field Operations Skills,4.2,LAND MANAGEMENT IMPLEMENTATION,Restoration techniques and implementation,FC,DC-sec,S4,,S5,,FALSE,0,FALSE,FALSE,FALSE,FALSE,FALSE,FALSE,Stable,FALSE,FALSE,1,4,,,,,,Supporting,Supporting,Core,Supporting,,,,,,,,Supporting,,,,A,Hi,P,AI,1,A,Med,P,AI,2,A,Hi,C,AI,1,FALSE,FALSE,A,Hi,P,AI,1,N,N,Session-direct,
4.2.2,4,Field Operations Skills,4.2,LAND MANAGEMENT IMPLEMENTATION,Invasive species control,FC,DC-sec,S4,,S5,,FALSE,1,FALSE,FALSE,TRUE,FALSE,FALSE,FALSE,Transition,FALSE,FALSE,2,3,,,,,,Supporting,Core,Core,Supporting,,,,,,Supporting,,,,,,A,Hi,P,AI,1,A,Med,C,AI,1,A,Med,C,AI,1,FALSE,FALSE,A,Med,C,AI,1,N,N,Session-direct,
4.2.3,4,Field Operations Skills,4.2,LAND MANAGEMENT IMPLEMENTATION,Prescribed burning and fire management,FC,SC-sec,S4,,S3,,FALSE,3,TRUE,FALSE,TRUE,TRUE,FALSE,FALSE,Transition,FALSE,FALSE,3,2,,,,,,Core,Supporting,Core,Supporting,,,,,,,,Core,,,,H,Hi,P,—,N,A,Hi,C,AI,1,H,Hi,P,—,N,FALSE,FALSE,H,Hi,P,—,N,N,N,Session-direct,
4.2.4,4,Field Operations Skills,4.2,LAND MANAGEMENT IMPLEMENTATION,Erosion control and watershed treatment,FC,DC-sec,S4,,S5,,FALSE,0,FALSE,FALSE,FALSE,FALSE,FALSE,FALSE,Stable,FALSE,FALSE,2,3,,,,,,Supporting,,Core,Core,,,,,,Supporting,,Supporting,,,,H,Med,P,—,N,H,Hi,C,—,N,A,Med,C,AI,1,FALSE,FALSE,H,Med,C,—,N,N,N,Session-direct,
4.2.5,4,Field Operations Skills,4.2,LAND MANAGEMENT IMPLEMENTATION,Trail construction and maintenance,FC,,S4,,,,FALSE,1,FALSE,FALSE,TRUE,FALSE,FALSE,FALSE,Transition,FALSE,TRUE,0,3,,,,,,Supporting,,Supporting,,,,,,Supporting,,,,,,,H,Med,P,—,N,H,Med,P,—,N,H,Hi,C,—,N,FALSE,FALSE,H,Med,P,—,N,N,N,Session-direct,
4.3.1,4,Field Operations Skills,4.3,FIRE MANAGEMENT,Wildland firefighting Suppressing unwanted fires on wildlands using appropriate tactics and ensuring firefighter safety.,FC,,S4,,,,FALSE,0,FALSE,FALSE,FALSE,FALSE,FALSE,FALSE,Stable,FALSE,FALSE,1,1,,,,,,Supporting,,,,,,,,,,,Core,,,,H,Hi,P,—,N,H,Hi,C,—,N,H,Hi,P,—,N,FALSE,FALSE,H,Hi,P,—,N,N,N,Session-direct,
4.3.2,4,Field Operations Skills,4.3,FIRE MANAGEMENT,Prescribed fire planning and execution,FC,SC-sec,S4,,,,FALSE,0,FALSE,FALSE,FALSE,FALSE,FALSE,FALSE,Stable,FALSE,FALSE,3,1,,,,,,Core,Supporting,Core,,,,,,,,,Core,,,,A,Hi,C,AI,1,H,Hi,X,—,N,A,Med,C,AI,1,FALSE,FALSE,H,Hi,C,—,N,N,N,Session-direct,
4.3.3,4,Field Operations Skills,4.3,FIRE MANAGEMENT,Fuels management Reducing wildfire risk and intensity by treating vegetation and fuels on the landscape.,FC,DC-sec,S4,,S1,,FALSE,2,TRUE,FALSE,TRUE,FALSE,FALSE,FALSE,Transition,FALSE,FALSE,2,2,,,,,,Core,Supporting,Supporting,,,,,,,,,Core,,,,A,Hi,C,AI,1,H,Med,P,—,N,A,Med,C,AI,1,FALSE,FALSE,H,Med,C,—,N,N,N,Session-direct,
4.3.4,4,Field Operations Skills,4.3,FIRE MANAGEMENT,Fire weather and behavior analysis,FC,DC-sec,S4,,S1,,FALSE,0,FALSE,FALSE,FALSE,FALSE,FALSE,FALSE,Stable,FALSE,FALSE,1,1,,,,,,Supporting,,,,,,,,,,,Core,,,,A,Med,P,AI,1,A,Hi,C,AI,1,H,Hi,C,—,N,FALSE,FALSE,H,Hi,C,—,N,N,N,Session-direct,
4.3.5,4,Field Operations Skills,4.3,FIRE MANAGEMENT,Post-fire rehabilitation,FC,DC-sec,S4,,S5,,FALSE,1,TRUE,FALSE,FALSE,FALSE,FALSE,FALSE,Transition,FALSE,FALSE,2,2,,,,,,Supporting,,Core,Supporting,,,,,,,,Core,,,,A,Hi,C,AI,1,H,Med,P,—,N,A,Med,C,AI,1,FALSE,FALSE,H,Med,C,—,N,N,N,Session-direct,
4.4.1,4,Field Operations Skills,4.4,SAFETY & EMERGENCY RESPONSE,Occupational safety and risk management,FC,SC-sec,S4,,,,FALSE,0,FALSE,FALSE,FALSE,FALSE,FALSE,FALSE,Transition,TRUE,TRUE,0,6,,,,,,Supporting,Supporting,Supporting,Supporting,,,,,,Supporting,,Supporting,,,,A,Hi,C,AI,1,H,Hi,C,—,N,Ac,Med,C,AI,1,TRUE,FALSE,H,Hi,C,—,N,Y,Y,Session-direct,Low
4.4.2,4,Field Operations Skills,4.4,SAFETY & EMERGENCY RESPONSE,First aid and emergency medical response,FC,,S4,,,,FALSE,0,FALSE,FALSE,FALSE,FALSE,FALSE,FALSE,Transition,TRUE,TRUE,0,6,,,,,,Supporting,Supporting,Supporting,Supporting,,,,,,Supporting,,Supporting,,,,H,Hi,P,—,N,H,Hi,C,AI,2,Ac,Lo,P,AI,1,TRUE,FALSE,H,Hi,P,—,N,Y,N,Session-direct,Moderate
4.4.3,4,Field Operations Skills,4.4,SAFETY & EMERGENCY RESPONSE,Search and rescue operations,FC,SC-sec,S4,,,,FALSE,0,FALSE,FALSE,FALSE,FALSE,FALSE,FALSE,Stable,TRUE,TRUE,0,3,,,,,,Supporting,Supporting,,,,,,,,,,Supporting,,,,A,Hi,P,AI,1,A,Med,P,AI,1,H,Hi,P,—,N,FALSE,FALSE,H,Hi,P,—,N,N,N,Session-direct,
4.4.4,4,Field Operations Skills,4.4,SAFETY & EMERGENCY RESPONSE,Hazardous materials awareness and response,FC,SC-sec,S4,,S3,,FALSE,0,FALSE,FALSE,FALSE,FALSE,FALSE,FALSE,Stable,TRUE,TRUE,0,3,,,,,,,,,Supporting,,,,,,Supporting,,Supporting,,,,A,Med,P,AI,1,H,Med,C,—,N,H,Hi,P,—,N,FALSE,FALSE,H,Med,P,—,N,N,N,Session-direct,
4.4.5,4,Field Operations Skills,4.4,SAFETY & EMERGENCY RESPONSE,Emergency communication and incident reporting,FC,SC-sec,S4,,S3,,FALSE,0,FALSE,FALSE,FALSE,FALSE,FALSE,FALSE,Transition,TRUE,TRUE,0,5,,,,,,Supporting,Supporting,Supporting,Supporting,,,,,,,,Supporting,,,,A,Med,P,AI,1,Ac,Lo,C,AI,1,H,Hi,C,—,N,TRUE,FALSE,H,Hi,C,—,N,Y,Y,Session-direct,Low
4.5.1,4,Field Operations Skills,4.5,EQUIPMENT OPERATION,Hand tool proficiency,FC,,S4,,,,FALSE,0,FALSE,FALSE,FALSE,FALSE,FALSE,FALSE,Stable,FALSE,TRUE,0,5,,,,,,Supporting,Supporting,Supporting,,,,,,,Supporting,,Supporting,,,,H,Med,P,—,N,H,Med,P,—,N,H,Lo,P,—,N,FALSE,FALSE,H,Med,P,—,N,N,N,Session-direct,
4.5.2,4,Field Operations Skills,4.5,EQUIPMENT OPERATION,Power equipment operation,FC,SC-sec,S4,,S3,,FALSE,1,FALSE,FALSE,TRUE,FALSE,FALSE,FALSE,Transition,FALSE,FALSE,2,2,,,,,,Core,,Supporting,,,,,,,Supporting,,Core,,,,H,Hi,P,—,N,H,Med,P,—,N,A,Med,C,AI,1,FALSE,FALSE,H,Med,P,—,N,N,N,Session-direct,
4.5.3,4,Field Operations Skills,4.5,EQUIPMENT OPERATION,Heavy equipment and vehicle operation,FC,SC-sec,S4,,S3,,FALSE,0,FALSE,FALSE,FALSE,FALSE,FALSE,FALSE,Transition,FALSE,FALSE,3,2,,,,,,Core,,Core,Supporting,,,,,,Core,,Supporting,,,,A,Hi,C,Ro,2,H,Hi,P,—,N,Ac,Lo,P,AI,1,TRUE,FALSE,H,Hi,P,—,N,Y,Y,Session-direct,Moderate
4.5.4,4,Field Operations Skills,4.5,EQUIPMENT OPERATION,Drone/UAS operation for field applications,FC,DC-sec,S4,,S3,,FALSE,1,FALSE,TRUE,FALSE,FALSE,FALSE,FALSE,Transition,FALSE,TRUE,0,7,,,,,,Supporting,Supporting,Supporting,Supporting,Supporting,,Supporting,,,,,Supporting,,,,A,Med,P,Cv,1,V,Med,P,Cv,1,A,Med,C,AI,1,TRUE,FALSE,V,Med,P,Cv,1,Y,N,Session-direct,Moderate
4.5.5,4,Field Operations Skills,4.5,EQUIPMENT OPERATION,Equipment maintenance and repair,FC,DC-sec,S4,,S1,,FALSE,0,FALSE,FALSE,FALSE,FALSE,FALSE,FALSE,Transition,FALSE,TRUE,0,4,,,,,,Supporting,,Supporting,,,,,,,Supporting,,Supporting,,,,Ac,Lo,P,AI,1,A,Hi,C,AI,1,Ac,Lo,C,AI,1,TRUE,FALSE,Ac,Lo,C,AI,1,Y,N,Session-direct,Moderate
4.6.1,4,Field Operations Skills,4.6,SUSTAINABLE AGRICULTURE IMPLEMENTATION,Regenerative practice implementation,FC,DC-sec,S4,,S5,,FALSE,0,FALSE,FALSE,FALSE,FALSE,FALSE,FALSE,Stable,FALSE,FALSE,1,2,,,,,,,,Supporting,,Supporting,,,,,Core,,,,,,A,Hi,P,AI,1,H,Hi,C,AI,2,A,Hi,C,AI,1,FALSE,FALSE,H,Hi,C,—,N,N,N,Session-direct,
4.6.2,4,Field Operations Skills,4.6,SUSTAINABLE AGRICULTURE IMPLEMENTATION,Precision agriculture technology use,FC,DC-sec,S4,,S5,,FALSE,1,FALSE,TRUE,FALSE,FALSE,FALSE,FALSE,Transition,FALSE,FALSE,1,1,,,,,,,,,,,,Supporting,,,Core,,,,,,V,Med,P,Cv,1,A,Med,C,Cv,1,A,Med,C,AI,1,TRUE,FALSE,V,Med,C,Cv,1,Y,N,Session-direct,Low
4.6.3,4,Field Operations Skills,4.6,SUSTAINABLE AGRICULTURE IMPLEMENTATION,Integrated pest management application,FC,SC-sec,S4,,S3,,FALSE,0,FALSE,FALSE,FALSE,FALSE,FALSE,FALSE,Transition,FALSE,FALSE,1,1,,,,,,,,Supporting,,,,,,,Core,,,,,,A,Hi,P,AI,1,A,Med,C,AI,1,Ac,Lo,C,AI,1,TRUE,FALSE,Ac,Hi,C,AI,1,Y,N,Session-direct,Low
4.6.4,4,Field Operations Skills,4.6,SUSTAINABLE AGRICULTURE IMPLEMENTATION,Irrigation management and water conservation,FC,SC-sec,S4,,S3,,FALSE,0,FALSE,FALSE,FALSE,FALSE,FALSE,FALSE,Stable,FALSE,FALSE,1,1,,,,,,,,,Supporting,,,,,,Core,,,,,,V,Med,C,AI,1,A,Med,P,AI,1,A,Med,C,AI,1,FALSE,FALSE,V,Med,C,AI,1,N,N,Session-direct,
4.6.5,4,Field Operations Skills,4.6,SUSTAINABLE AGRICULTURE IMPLEMENTATION,Soil health assessment and management,FC,DC-sec,S5,,S1,,FALSE,0,FALSE,FALSE,FALSE,FALSE,FALSE,FALSE,Stable,FALSE,FALSE,1,3,,,,,,,,Supporting,Supporting,Supporting,,,,,Core,,,,,,A,Hi,P,AI,1,H,Hi,C,—,N,A,Hi,C,AI,1,FALSE,FALSE,H,Hi,C,—,N,N,N,Session-direct,
4.7.1,4,Field Operations Skills,4.7,URBAN ENVIRONMENTAL INFRASTRUCTURE,Green infrastructure installation,FC,SC-sec,S4,,S3,,FALSE,0,FALSE,FALSE,FALSE,FALSE,FALSE,FALSE,Stable,FALSE,FALSE,2,2,,,,,,,,Core,Core,,,,,Supporting,,,,,Supporting,,H,Med,P,—,N,H,Hi,C,—,N,A,Med,C,AI,1,FALSE,FALSE,H,Med,C,—,N,N,N,Session-direct,
4.7.2,4,Field Operations Skills,4.7,URBAN ENVIRONMENTAL INFRASTRUCTURE,Urban forestry operations,FC,DC-sec,S4,,S5,,FALSE,0,FALSE,FALSE,FALSE,FALSE,FALSE,FALSE,Stable,FALSE,FALSE,1,2,,,,,,Core,,Supporting,,,,,,Supporting,,,,,,,H,Hi,P,—,N,H,Hi,C,—,N,H,Hi,C,AI,2,FALSE,FALSE,H,Hi,C,—,N,N,N,Session-direct,
4.7.3,4,Field Operations Skills,4.7,URBAN ENVIRONMENTAL INFRASTRUCTURE,Stormwater system management,FC,SC-sec,S4,,S5,,FALSE,1,FALSE,TRUE,FALSE,FALSE,FALSE,FALSE,Transition,FALSE,FALSE,1,3,,,,,,,,Supporting,Core,,,,,Supporting,,,,,Supporting,,A,Med,P,AI,2,A,Med,C,AI,1,A,Med,P,AI,1,FALSE,FALSE,A,Med,P,AI,1,N,N,Session-direct,
4.7.4,4,Field Operations Skills,4.7,URBAN ENVIRONMENTAL INFRASTRUCTURE,Urban habitat restoration,FC,DC-sec,S4,,S5,,FALSE,1,FALSE,FALSE,TRUE,FALSE,FALSE,FALSE,Transition,FALSE,FALSE,1,3,,,,,,Supporting,,Core,,,,,,Supporting,,Supporting,,,,,A,Hi,P,AI,1,H,Med,P,—,N,H,Hi,C,—,N,FALSE,FALSE,H,Hi,P,—,N,N,N,Session-direct,
4.7.5,4,Field Operations Skills,4.7,URBAN ENVIRONMENTAL INFRASTRUCTURE,Green building systems maintenance,FC,DC-sec,S4,,S5,,FALSE,1,FALSE,TRUE,FALSE,FALSE,FALSE,FALSE,Transition,FALSE,FALSE,1,2,,,,,,,,Supporting,Supporting,,,,,,,,,,Core,,A,Med,P,AI,1,A,Med,C,AI,1,V,Lo,C,AI,1,FALSE,FALSE,V,Med,C,AI,1,N,N,Session-direct,
5.1.1,5,Communication & Engagement Skills,5.1,PUBLIC COMMUNICATION,Written communication for diverse audiences,SC,,S1,,S6,,FALSE,0,FALSE,FALSE,FALSE,FALSE,FALSE,FALSE,Transition,FALSE,TRUE,0,7,,,,,,,,,,Supporting,Supporting,,Supporting,Supporting,,Supporting,,Supporting,Supporting,,Ac,Lo,P,AI,1,Ac,Med,P,AI,1,A,Med,C,AI,1,TRUE,FALSE,Ac,Med,P,AI,1,Y,N,Session-direct,High
5.1.2,5,Communication & Engagement Skills,5.1,PUBLIC COMMUNICATION,Public speaking and presentation,SC,,S1,,S2,,FALSE,0,FALSE,FALSE,FALSE,FALSE,FALSE,FALSE,Transition,FALSE,TRUE,0,5,,,,,,,,,,,,,Supporting,Supporting,,Supporting,,Supporting,Supporting,,H,Hi,P,—,N,H,Hi,C,—,N,Ac,Lo,P,AI,1,TRUE,FALSE,H,Hi,P,—,N,Y,N,Session-direct,Moderate
5.1.3,5,Communication & Engagement Skills,5.1,PUBLIC COMMUNICATION,Environmental interpretation,SC,FC-sec,S4,,S1,,FALSE,0,FALSE,FALSE,FALSE,FALSE,FALSE,FALSE,Stable,FALSE,FALSE,1,2,,,,,,,Supporting,,,,,,,Supporting,,Core,,,,,H,Hi,P,—,N,A,Med,C,AI,1,A,Med,C,AI,2,FALSE,FALSE,H,Med,C,—,N,N,N,Session-direct,
5.1.4,5,Communication & Engagement Skills,5.1,PUBLIC COMMUNICATION,Social media and digital outreach,SC,DC-sec,S1,,S4,,FALSE,1,FALSE,TRUE,FALSE,FALSE,FALSE,FALSE,Transition,FALSE,TRUE,0,4,,,,,,,,,,,,,Supporting,,,Supporting,,Supporting,Supporting,,Ac,Lo,P,AI,1,V,Med,C,AI,1,V,Med,C,AI,1,TRUE,FALSE,V,Med,C,AI,1,Y,N,Session-direct,Moderate
5.1.5,5,Communication & Engagement Skills,5.1,PUBLIC COMMUNICATION,Science communication and storytelling,SC,DC-sec,S6,,S1,,FALSE,0,FALSE,FALSE,FALSE,FALSE,FALSE,FALSE,Transition,FALSE,FALSE,1,3,,,,,,,,,,Supporting,Supporting,,,,,Core,,Supporting,,,Ac,Lo,P,AI,1,Ac,Lo,P,AI,1,H,Hi,C,—,N,TRUE,FALSE,H,Lo,P,—,N,Y,N,Session-direct,High
5.2.1,5,Communication & Engagement Skills,5.2,STAKEHOLDER ENGAGEMENT,Stakeholder identification and analysis,SC,DC-sec,S1,,S2,,FALSE,1,TRUE,FALSE,FALSE,FALSE,FALSE,FALSE,Transition,FALSE,FALSE,2,5,,,,,,,,,,Supporting,,,Core,Core,,Supporting,,Supporting,Supporting,Supporting,A,Med,C,AI,1,A,Med,C,AI,1,A,Med,C,AI,2,FALSE,FALSE,A,Med,C,AI,1,N,N,Session-direct,
5.2.2,5,Communication & Engagement Skills,5.2,STAKEHOLDER ENGAGEMENT,Meeting facilitation and design,SC,,S1,,S2,,FALSE,2,TRUE,TRUE,FALSE,FALSE,FALSE,FALSE,Transition,FALSE,FALSE,2,4,,,,,,,,,,Supporting,,,Core,Core,,Supporting,,Supporting,Supporting,,A,Med,P,AI,1,H,Hi,C,—,N,Ac,Lo,P,AI,1,TRUE,FALSE,H,Hi,P,—,N,Y,Y,Session-direct,Moderate
5.2.3,5,Communication & Engagement Skills,5.2,STAKEHOLDER ENGAGEMENT,Collaborative decision-making processes,SC,,S1,,S3,,FALSE,1,FALSE,FALSE,FALSE,TRUE,FALSE,FALSE,Transition,FALSE,FALSE,2,5,,,,,,,,,,Supporting,,,Core,Core,,Supporting,,Supporting,Supporting,Supporting,H,Hi,C,—,N,H,Hi,C,—,N,A,Med,C,AI,2,FALSE,FALSE,H,Hi,C,—,N,N,N,Session-direct,
5.2.4,5,Communication & Engagement Skills,5.2,STAKEHOLDER ENGAGEMENT,Conflict resolution and mediation,SC,,S1,,S2,,FALSE,1,TRUE,FALSE,FALSE,FALSE,FALSE,FALSE,Transition,FALSE,FALSE,2,3,,,,,,,,,,Supporting,,,Core,Core,,,,Supporting,Supporting,,H,Hi,C,—,N,H,Hi,C,—,N,H,Hi,C,—,N,FALSE,FALSE,H,Hi,C,—,N,N,N,Session-direct,
5.2.5,5,Communication & Engagement Skills,5.2,STAKEHOLDER ENGAGEMENT,Partnership development and management,SC,,S1,,S3,,FALSE,2,FALSE,FALSE,FALSE,TRUE,TRUE,FALSE,Transition,FALSE,FALSE,2,6,,,,,,,,Supporting,,Supporting,,,Core,Core,,Supporting,,Supporting,Supporting,Supporting,A,Med,C,AI,1,H,Hi,C,—,N,A,Med,C,AI,1,FALSE,FALSE,H,Med,C,—,N,N,N,Session-direct,
5.3.1,5,Communication & Engagement Skills,5.3,CULTURAL COMPETENCY,Cross-cultural communication,SC,,S1,,S4,,FALSE,0,FALSE,FALSE,FALSE,FALSE,FALSE,FALSE,Stable,FALSE,TRUE,0,4,,,,,,,,,,,,,Supporting,Supporting,,Supporting,,Supporting,,,H,Hi,C,—,N,A,Med,P,AI,1,H,Hi,C,—,N,FALSE,FALSE,H,Hi,C,—,N,N,N,Session-direct,
5.3.2,5,Communication & Engagement Skills,5.3,CULTURAL COMPETENCY,Indigenous knowledge integration,SC,FC-sec,S1,,S2,,FALSE,1,FALSE,FALSE,FALSE,TRUE,FALSE,FALSE,Transition,FALSE,FALSE,2,6,,,,,,Supporting,Supporting,Supporting,Supporting,Core,,,Core,Supporting,,,,Supporting,,,H,Hi,C,—,N,H,Hi,C,—,N,A,Med,C,AI,1,FALSE,FALSE,H,Hi,C,—,N,N,N,Session-direct,
5.3.3,5,Communication & Engagement Skills,5.3,CULTURAL COMPETENCY,Cultural resource identification,SC,FC-sec,S2,,S3,,FALSE,2,TRUE,FALSE,FALSE,TRUE,FALSE,FALSE,Transition,FALSE,FALSE,1,5,,,,,,Supporting,Supporting,Supporting,Supporting,,,,Core,Supporting,,,,,,,A,Hi,C,AI,2,Ac,Med,C,AI,1,H,Hi,X,—,N,FALSE,FALSE,H,Hi,C,—,N,N,Y,Session-direct,
5.3.4,5,Communication & Engagement Skills,5.3,CULTURAL COMPETENCY,"Diversity, equity, and inclusion practices",SC,,S1,,S6,,FALSE,0,FALSE,FALSE,FALSE,FALSE,FALSE,FALSE,Stable,FALSE,TRUE,0,5,,,,,,,,,,,,,Supporting,Supporting,,Supporting,,Supporting,Supporting,,A,Med,C,AI,1,A,Med,C,AI,2,A,Lo,C,AI,2,FALSE,FALSE,A,Med,C,AI,2,N,N,Session-direct,
5.3.5,5,Communication & Engagement Skills,5.3,CULTURAL COMPETENCY,Environmental justice principles,SC,DC-sec,S2,,S1,,FALSE,1,FALSE,FALSE,FALSE,TRUE,FALSE,FALSE,Transition,FALSE,FALSE,1,4,,,,,,,,,,,,,Supporting,Supporting,,Supporting,,Core,Supporting,,A,Med,C,AI,1,H,Hi,C,—,N,A,Med,C,AI,2,FALSE,FALSE,H,Med,C,—,N,N,N,Session-direct,
5.4.1,5,Communication & Engagement Skills,5.4,EDUCATION & OUTREACH,Educational program development,SC,,S1,,S4,,FALSE,0,FALSE,FALSE,FALSE,FALSE,FALSE,FALSE,Transition,FALSE,FALSE,1,2,,,,,,,,,,Supporting,,,,,,Core,,Supporting,,,A,Med,C,AI,1,Ac,Lo,P,AI,1,A,Med,C,AI,1,TRUE,FALSE,Ac,Med,C,AI,1,Y,N,Session-direct,Low
5.4.2,5,Communication & Engagement Skills,5.4,EDUCATION & OUTREACH,Curriculum design for environmental education,SC,,S1,,,,FALSE,0,FALSE,FALSE,FALSE,FALSE,FALSE,FALSE,Transition,FALSE,FALSE,1,0,,,,,,,,,,,,,,,,Core,,,,,Ac,Lo,P,AI,1,A,Med,C,AI,1,A,Med,C,AI,2,TRUE,FALSE,Ac,Med,C,AI,1,Y,N,Session-direct,Moderate
5.4.3,5,Communication & Engagement Skills,5.4,EDUCATION & OUTREACH,Volunteer program management,SC,,S4,,S1,,FALSE,0,FALSE,FALSE,FALSE,FALSE,FALSE,FALSE,Transition,FALSE,FALSE,1,3,,,,,,,,Supporting,,,,,Supporting,Supporting,,Core,,,,,A,Med,C,AI,1,A,Hi,C,AI,1,Ac,Lo,P,AI,1,TRUE,FALSE,Ac,Hi,C,AI,1,Y,N,Session-direct,Low
5.4.4,5,Communication & Engagement Skills,5.4,EDUCATION & OUTREACH,Citizen science coordination,DC,SC-sec,S5,,S1,,FALSE,1,FALSE,TRUE,FALSE,FALSE,FALSE,FALSE,Transition,FALSE,FALSE,2,3,,,,,,,Supporting,,Supporting,Core,,Supporting,,,,Core,,,,,A,Med,C,AI,1,A,Med,P,AI,1,V,Lo,C,AI,1,FALSE,TRUE,V,Med,C,AI,1,N,N,Session-direct,
5.4.5,5,Communication & Engagement Skills,5.4,EDUCATION & OUTREACH,Interpretive materials development,SC,DC-sec,S1,,S4,,FALSE,0,FALSE,FALSE,FALSE,FALSE,FALSE,FALSE,Transition,FALSE,FALSE,1,1,,,,,,,,,,,,,,Supporting,,Core,,,,,Ac,Lo,P,AI,1,A,Med,C,AI,1,A,Med,C,AI,1,TRUE,FALSE,Ac,Med,C,AI,1,Y,N,Session-direct,Moderate
5.5.1,5,Communication & Engagement Skills,5.5,CUSTOMER SERVICE,Visitor information services,SC,,S4,,,,FALSE,0,FALSE,FALSE,FALSE,FALSE,FALSE,FALSE,Transition,TRUE,TRUE,0,1,,,,,,,,,,,,,,,,Supporting,,,,,Ac,Lo,P,AI,1,A,Med,P,AI,1,V,Lo,C,AI,1,TRUE,TRUE,V,Lo,P,AI,1,Y,Y,Session-direct,Moderate
5.5.2,5,Communication & Engagement Skills,5.5,CUSTOMER SERVICE,Permit administration,SC,DC-sec,S3,,S4,,FALSE,1,FALSE,TRUE,FALSE,FALSE,FALSE,FALSE,Transition,TRUE,TRUE,0,2,,,,,,,,,,,,,Supporting,Supporting,,,,,,,V,Lo,P,AI,1,A,Med,P,AI,1,V,Lo,P,AI,1,TRUE,TRUE,V,Lo,P,AI,1,Y,N,Session-direct,Moderate
5.5.3,5,Communication & Engagement Skills,5.5,CUSTOMER SERVICE,Complaint resolution,SC,,S4,,S2,,FALSE,0,FALSE,FALSE,FALSE,FALSE,FALSE,FALSE,Transition,TRUE,TRUE,0,3,,,,,,,,,,,,,Supporting,Supporting,,Supporting,,,,,H,Hi,P,—,N,A,Med,C,AI,1,Ac,Lo,P,AI,1,TRUE,FALSE,H,Hi,P,—,N,Y,Y,Session-direct,Low
5.5.4,5,Communication & Engagement Skills,5.5,CUSTOMER SERVICE,Public relations management,SC,DC-sec,S1,,S4,,FALSE,1,FALSE,TRUE,FALSE,FALSE,FALSE,FALSE,Transition,TRUE,TRUE,0,3,,,,,,,,,,,,,,,,Supporting,,Supporting,Supporting,,H,Hi,C,—,N,Ac,Lo,C,AI,1,H,Hi,C,—,N,FALSE,FALSE,H,Hi,C,—,N,N,N,Session-direct,
5.5.5,5,Communication & Engagement Skills,5.5,CUSTOMER SERVICE,Accessibility accommodations,SC,,S1,,S4,,FALSE,0,FALSE,FALSE,FALSE,FALSE,FALSE,FALSE,Stable,TRUE,TRUE,0,2,,,,,,,,,,,,,,Supporting,,Supporting,,,,,A,Lo,C,AI,1,H,Hi,P,—,N,A,Lo,C,AI,1,FALSE,FALSE,H,Lo,C,—,N,N,N,Session-direct,
5.6.1,5,Communication & Engagement Skills,5.6,SOCIAL SCIENCE & BEHAVIORAL CHANGE (NEW),Environmental psychology and behavior change theory,SC,DC-sec,S1,,S6,,FALSE,0,FALSE,FALSE,FALSE,FALSE,FALSE,FALSE,Stable,FALSE,FALSE,1,2,,,,,,,,,,,,,,,,Core,,Supporting,Supporting,,A,Med,C,AI,1,A,Med,C,AI,1,A,Med,C,AI,2,FALSE,FALSE,A,Med,C,AI,1,N,N,Session-direct,
5.6.2,5,Communication & Engagement Skills,5.6,SOCIAL SCIENCE & BEHAVIORAL CHANGE (NEW),Social science research methods,DC,SC-sec,S5,,S1,,FALSE,0,FALSE,FALSE,FALSE,FALSE,FALSE,FALSE,Transition,FALSE,FALSE,2,3,,,,,,,,,,Core,,,Supporting,Supporting,,Supporting,,Core,,,A,Med,C,AI,1,Ac,Med,C,AI,1,A,Med,C,AI,1,FALSE,FALSE,Ac,Med,C,AI,1,N,N,Session-direct,
5.6.3,5,Communication & Engagement Skills,5.6,SOCIAL SCIENCE & BEHAVIORAL CHANGE (NEW),Community organizing and mobilization,SC,,S1,,S4,,FALSE,1,FALSE,FALSE,FALSE,TRUE,FALSE,FALSE,Transition,FALSE,FALSE,1,1,,,,,,,,,,,,,,,,Supporting,,Core,,,H,Hi,C,—,N,H,Hi,C,—,N,H,Hi,C,—,N,FALSE,FALSE,H,Hi,C,—,N,N,N,Session-direct,
5.6.4,5,Communication & Engagement Skills,5.6,SOCIAL SCIENCE & BEHAVIORAL CHANGE (NEW),Social marketing for sustainability,SC,DC-sec,S1,,S5,,FALSE,0,FALSE,FALSE,FALSE,FALSE,FALSE,FALSE,Stable,FALSE,FALSE,1,2,,,,,,,,,,,,,,,,Core,,Supporting,Supporting,,A,Med,C,AI,1,A,Med,C,AI,1,V,Lo,C,AI,1,FALSE,FALSE,V,Med,C,AI,1,N,N,Session-direct,
5.6.5,5,Communication & Engagement Skills,5.6,SOCIAL SCIENCE & BEHAVIORAL CHANGE (NEW),Participatory methods and community-based research,SC,DC-sec,S1,,S2,,FALSE,1,FALSE,FALSE,FALSE,TRUE,FALSE,FALSE,Transition,FALSE,FALSE,1,4,,,,,,,,,,Supporting,,,Supporting,Supporting,,Supporting,,Core,,,H,Hi,C,—,N,H,Hi,C,—,N,H,Hi,C,—,N,FALSE,FALSE,H,Hi,C,—,N,N,N,Session-direct,
6.1.1,6,Policy & Regulatory Skills,6.1,ENVIRONMENTAL LAW & REGULATION,Environmental policy analysis,SC,DC-sec,S2,,S1,,FALSE,2,TRUE,FALSE,FALSE,FALSE,FALSE,TRUE,Transition,FALSE,FALSE,1,4,,,,,,,,,,Supporting,Supporting,,Core,Supporting,,,,Supporting,,,A,Hi,P,AI,1,S,Lo,P,AI,1,Ac,Lo,P,AI,1,TRUE,FALSE,S,Lo,P,AI,1,Y,Y,Reconstructed (D6),High
6.1.2,6,Policy & Regulatory Skills,6.1,ENVIRONMENTAL LAW & REGULATION,Regulatory compliance assessment,SC,DC-sec,S2,,S3,,FALSE,2,TRUE,FALSE,FALSE,FALSE,FALSE,TRUE,Transition,FALSE,FALSE,1,6,,,,,,Supporting,Supporting,Supporting,Supporting,,,,Core,Supporting,,,,,Supporting,,A,Hi,C,AI,1,S,Lo,P,AI,1,A,Med,C,AI,1,TRUE,FALSE,S,Hi,C,AI,1,Y,N,Reconstructed (D6),High
6.1.3,6,Policy & Regulatory Skills,6.1,ENVIRONMENTAL LAW & REGULATION,Permitting procedures,SC,DC-sec,S3,,S2,,FALSE,3,TRUE,FALSE,FALSE,FALSE,TRUE,TRUE,Transition,FALSE,FALSE,1,5,,,,,,Supporting,Supporting,Supporting,Supporting,,,,Core,Supporting,,,,,,,A,Hi,C,AI,1,S,Lo,P,AI,1,V,Lo,P,AI,1,FALSE,FALSE,S,Lo,P,AI,1,N,Y,Reconstructed (D6),
6.1.4,6,Policy & Regulatory Skills,6.1,ENVIRONMENTAL LAW & REGULATION,NEPA process implementation,SC,DC-sec,S2,,S3,,FALSE,4,TRUE,FALSE,TRUE,FALSE,TRUE,TRUE,Transition,FALSE,FALSE,1,6,,,,,,Supporting,Supporting,Supporting,Supporting,Supporting,,,Core,Supporting,,,,,,,A,Hi,C,AI,1,H,Hi,C,—,N,Ac,Med,C,AI,1,FALSE,FALSE,H,Hi,C,—,N,N,Y,Reconstructed (D6),
6.1.5,6,Policy & Regulatory Skills,6.1,ENVIRONMENTAL LAW & REGULATION,Enforcement procedures,SC,,S2,,S5,,FALSE,1,FALSE,FALSE,FALSE,FALSE,FALSE,TRUE,Transition,FALSE,FALSE,1,1,,,,,,,,,,,,,Core,,,,,Supporting,,,H,Hi,C,—,N,H,Hi,C,—,N,H,Hi,C,—,N,FALSE,FALSE,H,Hi,C,—,N,N,N,Reconstructed (D6),
6.2.1,6,Policy & Regulatory Skills,6.2,LAND USE PLANNING,Comprehensive land use planning,SC,DC-sec,S1,,S2,,FALSE,1,TRUE,FALSE,FALSE,FALSE,FALSE,FALSE,Transition,FALSE,FALSE,1,3,,,,,,,,,,Supporting,,,Supporting,Core,,,,Supporting,,,A,Hi,C,AI,1,H,Hi,C,—,N,Ac,Med,C,AI,1,FALSE,FALSE,H,Hi,C,—,N,N,Y,Reconstructed (D6),
6.2.2,6,Policy & Regulatory Skills,6.2,LAND USE PLANNING,Zoning and land classification,SC,DC-sec,S1,,S3,,FALSE,0,FALSE,FALSE,FALSE,FALSE,FALSE,FALSE,Transition,FALSE,FALSE,1,1,,,,,,,,,,,,,Supporting,Core,,,,,,,A,Med,C,AI,1,Ac,Lo,P,AI,1,V,Lo,P,AI,1,FALSE,FALSE,V,Lo,P,AI,1,N,Y,Reconstructed (D6),
6.2.3,6,Policy & Regulatory Skills,6.2,LAND USE PLANNING,Public land management planning,SC,DC-sec,S1,,S2,,FALSE,2,TRUE,FALSE,TRUE,FALSE,FALSE,FALSE,Transition,FALSE,FALSE,1,4,,,,,,Supporting,Supporting,,Supporting,,,,Supporting,Core,,,,,,,H,Hi,C,—,N,A,Med,C,AI,1,A,Med,C,AI,2,FALSE,FALSE,H,Med,C,—,N,N,N,Reconstructed (D6),
6.2.4,6,Policy & Regulatory Skills,6.2,LAND USE PLANNING,Community planning integration,SC,,S1,,S2,,FALSE,1,FALSE,FALSE,FALSE,TRUE,FALSE,FALSE,Transition,FALSE,FALSE,1,3,,,,,,,,,,,,,Supporting,Core,,,,Supporting,Supporting,,H,Hi,C,—,N,H,Hi,C,—,N,Ac,Lo,P,AI,1,FALSE,FALSE,H,Hi,C,—,N,N,N,Reconstructed (D6),
6.2.5,6,Policy & Regulatory Skills,6.2,LAND USE PLANNING,Scenario development and analysis,SC,DC-sec,S1,,S6,,FALSE,0,FALSE,FALSE,FALSE,FALSE,FALSE,FALSE,Transition,FALSE,FALSE,1,3,,,,,,,,,,Supporting,Supporting,,Supporting,Core,,,,,,,A,Med,C,AI,1,H,Hi,C,—,N,Ac,Lo,P,AI,1,FALSE,FALSE,H,Hi,C,—,N,N,Y,Reconstructed (D6),
6.3.1,6,Policy & Regulatory Skills,6.3,RESOURCE ECONOMICS,Natural resource valuation,DC,SC-sec,S1,,S2,,FALSE,1,TRUE,FALSE,FALSE,FALSE,FALSE,FALSE,Transition,FALSE,FALSE,1,3,,,,,,,,,,Supporting,,,Supporting,Supporting,,,,,,Core,A,Hi,C,AI,1,A,Hi,C,AI,1,A,Med,C,AI,1,FALSE,FALSE,A,Hi,C,AI,1,N,N,Reconstructed (D6),
6.3.2,6,Policy & Regulatory Skills,6.3,RESOURCE ECONOMICS,Ecosystem services assessment,DC,SC-sec,S1,,S2,,FALSE,1,TRUE,FALSE,FALSE,FALSE,FALSE,FALSE,Transition,FALSE,FALSE,2,4,,,,,,,,Supporting,,Core,Supporting,,Supporting,Supporting,,,,,,Core,A,Hi,C,AI,1,A,Med,C,AI,1,A,Med,C,AI,1,FALSE,FALSE,A,Med,C,AI,1,N,N,Reconstructed (D6),
6.3.3,6,Policy & Regulatory Skills,6.3,RESOURCE ECONOMICS,Market-based conservation mechanisms,SC,DC-sec,S1,,S3,,FALSE,1,FALSE,TRUE,FALSE,FALSE,FALSE,FALSE,Transition,FALSE,FALSE,1,3,,,,,,,,Supporting,,Supporting,,,Supporting,,,,,,,Core,A,Hi,C,AI,1,H,Hi,C,—,N,A,Med,C,AI,1,FALSE,FALSE,H,Hi,C,—,N,N,N,Reconstructed (D6),
6.3.4,6,Policy & Regulatory Skills,6.3,RESOURCE ECONOMICS,Economic impact analysis,DC,SC-sec,S2,,S1,,FALSE,2,TRUE,FALSE,FALSE,FALSE,FALSE,TRUE,Transition,FALSE,FALSE,2,3,,,,,,,,,,Supporting,,,Core,Core,,,,,Supporting,Supporting,S,Lo,P,AI,1,A,Med,C,AI,1,A,Med,C,AI,1,FALSE,FALSE,S,Med,C,AI,1,N,N,Reconstructed (D6),
6.3.5,6,Policy & Regulatory Skills,6.3,RESOURCE ECONOMICS,Carbon credit and offset programs,SC,DC-sec,S3,,S1,,FALSE,2,FALSE,TRUE,FALSE,FALSE,FALSE,TRUE,Transition,FALSE,FALSE,1,2,,,,,,,,,,,Supporting,,,,,,,,Supporting,Core,A,Hi,C,AI,1,A,Med,C,AI,1,V,Lo,P,AI,1,FALSE,FALSE,V,Hi,C,AI,1,N,N,Reconstructed (D6),
6.4.1,6,Policy & Regulatory Skills,6.4,POLICY DEVELOPMENT,Policy research and analysis,SC,DC-sec,S1,,S2,,FALSE,1,TRUE,FALSE,FALSE,FALSE,FALSE,FALSE,Transition,FALSE,FALSE,1,3,,,,,,,,,,Supporting,,,Core,Supporting,,,,Supporting,,,S,Lo,P,AI,1,A,Hi,C,AI,1,A,Med,C,AI,2,TRUE,FALSE,S,Hi,C,AI,1,Y,N,Reconstructed (D6),High
6.4.2,6,Policy & Regulatory Skills,6.4,POLICY DEVELOPMENT,Policy drafting and review,SC,,S1,,S2,,FALSE,3,TRUE,FALSE,TRUE,FALSE,FALSE,TRUE,Transition,FALSE,FALSE,1,1,,,,,,,,,,,,,Core,Supporting,,,,,,,S,Lo,P,AI,1,A,Med,C,AI,1,H,Hi,C,—,N,FALSE,FALSE,S,Hi,C,AI,1,N,Y,Reconstructed (D6),
6.4.3,6,Policy & Regulatory Skills,6.4,POLICY DEVELOPMENT,Regulatory impact assessment,SC,DC-sec,S2,,S1,,FALSE,2,TRUE,FALSE,FALSE,FALSE,TRUE,FALSE,Transition,FALSE,FALSE,1,3,,,,,,,,,,,,,Core,Supporting,,,,Supporting,Supporting,,A,Hi,C,AI,1,V,Lo,P,AI,1,H,Hi,C,—,N,FALSE,FALSE,V,Hi,C,AI,1,N,Y,Reconstructed (D6),
6.4.4,6,Policy & Regulatory Skills,6.4,POLICY DEVELOPMENT,Public comment management,SC,DC-sec,S2,,S3,,FALSE,3,TRUE,TRUE,FALSE,TRUE,FALSE,FALSE,Transition,FALSE,FALSE,1,2,,,,,,,,,,,,,Core,,,Supporting,,Supporting,,,S,Lo,P,AI,1,Ac,Lo,P,AI,1,V,Lo,P,AI,1,TRUE,FALSE,S,Lo,P,AI,1,Y,Y,Reconstructed (D6),High
6.4.5,6,Policy & Regulatory Skills,6.4,POLICY DEVELOPMENT,Legislative process navigation,SC,,S1,,S3,,FALSE,1,FALSE,FALSE,FALSE,FALSE,TRUE,FALSE,Transition,FALSE,FALSE,1,3,,,,,,,,,,,,,Core,Supporting,,,,Supporting,Supporting,,A,Med,C,AI,1,H,Hi,C,—,N,H,Hi,C,—,N,FALSE,FALSE,H,Hi,C,—,N,N,N,Reconstructed (D6),
6.5.1,6,Policy & Regulatory Skills,6.5,INTERGOVERNMENTAL RELATIONS,Tribal consultation and coordination,SC,,S3,,S2,,FALSE,2,FALSE,FALSE,FALSE,TRUE,TRUE,FALSE,Transition,FALSE,FALSE,1,6,,,,,,Supporting,Supporting,Supporting,Supporting,Supporting,,,Core,Supporting,,,,,,,H,Hi,C,—,N,H,Hi,C,—,N,H,Hi,C,—,N,FALSE,FALSE,H,Hi,C,—,N,N,N,Reconstructed (D6),
6.5.2,6,Policy & Regulatory Skills,6.5,INTERGOVERNMENTAL RELATIONS,Federal-state-local coordination,SC,,S3,,S1,,FALSE,2,FALSE,FALSE,FALSE,TRUE,TRUE,FALSE,Transition,FALSE,FALSE,2,4,,,,,,Supporting,Supporting,Supporting,Supporting,,,,Core,Core,,,,,,,H,Hi,C,—,N,H,Hi,C,—,N,A,Med,C,AI,1,FALSE,FALSE,H,Hi,C,—,N,N,N,Reconstructed (D6),
6.5.3,6,Policy & Regulatory Skills,6.5,INTERGOVERNMENTAL RELATIONS,Interagency agreements development,SC,,S3,,S1,,FALSE,2,FALSE,FALSE,FALSE,FALSE,TRUE,TRUE,Transition,FALSE,FALSE,1,1,,,,,,,,,,,,,Core,Supporting,,,,,,,H,Hi,C,—,N,H,Hi,C,—,N,V,Lo,P,AI,1,FALSE,FALSE,V,Hi,C,AI,N,N,N,Reconstructed (D6),
6.5.4,6,Policy & Regulatory Skills,6.5,INTERGOVERNMENTAL RELATIONS,Cross-jurisdictional planning,SC,DC-sec,S1,,S3,,FALSE,0,FALSE,FALSE,FALSE,FALSE,FALSE,FALSE,Stable,FALSE,FALSE,1,2,,,,,,,,,,Supporting,,,Supporting,Core,,,,,,,H,Hi,C,—,N,H,Hi,C,—,N,H,Hi,C,—,N,FALSE,FALSE,H,Hi,C,—,N,N,N,Reconstructed (D6),
6.5.5,6,Policy & Regulatory Skills,6.5,INTERGOVERNMENTAL RELATIONS,International conservation agreements,SC,,S3,,S1,,FALSE,1,FALSE,FALSE,FALSE,TRUE,FALSE,FALSE,Transition,FALSE,FALSE,1,1,,,,,,,,,,Supporting,,,Core,,,,,,,,H,Hi,C,—,N,H,Hi,C,—,N,A,Med,C,AI,1,FALSE,FALSE,H,Hi,C,—,N,N,N,Reconstructed (D6),
6.6.1,6,Policy & Regulatory Skills,6.6,ENVIRONMENTAL MARKETS,Carbon accounting and quantification,DC,SC-sec,S5,,S3,,FALSE,2,FALSE,TRUE,FALSE,FALSE,FALSE,TRUE,Transition,FALSE,FALSE,1,3,,,,,,,,,,Supporting,Supporting,,,,,,,,Supporting,Core,A,Hi,C,AI,1,S,Lo,P,AI,1,A,Med,C,AI,2,FALSE,FALSE,S,Hi,C,AI,1,N,N,Reconstructed (D6),
6.6.2,6,Policy & Regulatory Skills,6.6,ENVIRONMENTAL MARKETS,Biodiversity credits and habitat banking,SC,DC-sec,S3,,S1,,FALSE,2,FALSE,TRUE,FALSE,FALSE,FALSE,TRUE,Transition,FALSE,FALSE,1,3,,,,,,,,Supporting,,Supporting,,,Supporting,,,,,,,Core,H,Hi,C,—,N,H,Hi,C,—,N,A,Med,C,AI,1,FALSE,FALSE,H,Hi,C,—,N,N,N,Reconstructed (D6),
6.6.3,6,Policy & Regulatory Skills,6.6,ENVIRONMENTAL MARKETS,Environmental market transactions,SC,DC-sec,S3,,S1,,FALSE,1,FALSE,TRUE,FALSE,FALSE,FALSE,FALSE,Transition,FALSE,FALSE,1,2,,,,,,,,,,,,,Supporting,,,,,,Supporting,Core,H,Hi,C,—,N,A,Med,C,AI,1,V,Lo,P,AI,1,FALSE,FALSE,V,Hi,C,AI,1,N,Y,Reconstructed (D6),
6.6.4,6,Policy & Regulatory Skills,6.6,ENVIRONMENTAL MARKETS,Conservation finance mechanisms,SC,DC-sec,S1,,S3,,FALSE,1,FALSE,TRUE,FALSE,FALSE,FALSE,FALSE,Transition,FALSE,FALSE,1,3,,,,,,,,Supporting,,Supporting,,,,,,,,,Supporting,Core,H,Hi,C,—,N,A,Med,C,AI,1,A,Med,C,AI,2,FALSE,FALSE,H,Med,C,—,N,N,N,Reconstructed (D6),
6.6.5,6,Policy & Regulatory Skills,6.6,ENVIRONMENTAL MARKETS,Green bonds and sustainable investment,SC,DC-sec,S1,,S3,,FALSE,1,FALSE,TRUE,FALSE,FALSE,FALSE,FALSE,Transition,FALSE,FALSE,1,2,,,,,,,,,,,Supporting,,,,,,,,Supporting,Core,V,Lo,P,AI,1,A,Med,C,AI,1,A,Med,C,AI,1,FALSE,FALSE,V,Med,C,AI,1,N,N,Reconstructed (D6),
6.7.1,6,Policy & Regulatory Skills,6.7,ENVIRONMENTAL HEALTH & JUSTICE,Environmental health risk assessment,DC,SC-sec,S2,,S5,,FALSE,1,FALSE,FALSE,FALSE,TRUE,FALSE,FALSE,Transition,FALSE,FALSE,1,2,,,,,,,,,,Supporting,,,Supporting,,,,,Core,,,A,Hi,C,AI,1,A,Med,C,AI,1,H,Hi,C,—,N,FALSE,FALSE,H,Hi,C,—,N,N,N,Reconstructed (D6),
6.7.2,6,Policy & Regulatory Skills,6.7,ENVIRONMENTAL HEALTH & JUSTICE,Environmental justice screening and assessment,SC,DC-sec,S2,,S1,,FALSE,2,TRUE,FALSE,FALSE,TRUE,FALSE,FALSE,Transition,FALSE,FALSE,2,2,,,,,,,,,,,,,Core,Supporting,,,,Core,Supporting,,A,Med,P,AI,1,A,Med,C,AI,1,H,Hi,C,—,N,FALSE,FALSE,H,Med,C,—,N,N,N,Reconstructed (D6),
6.7.3,6,Policy & Regulatory Skills,6.7,ENVIRONMENTAL HEALTH & JUSTICE,Community-based participatory research (CBPR),SC,DC-sec,S1,,S2,,FALSE,1,FALSE,FALSE,FALSE,TRUE,FALSE,FALSE,Transition,FALSE,FALSE,1,2,,,,,,,,,,Supporting,,,,,,Supporting,,Core,,,H,Hi,C,—,N,H,Hi,C,—,N,A,Med,C,AI,1,FALSE,FALSE,H,Hi,C,—,N,N,N,Reconstructed (D6),
6.7.4,6,Policy & Regulatory Skills,6.7,ENVIRONMENTAL HEALTH & JUSTICE,Toxicology and exposure pathways,DC,SC-sec,S2,,S5,,FALSE,1,FALSE,FALSE,FALSE,TRUE,FALSE,FALSE,Transition,FALSE,FALSE,1,2,,,,,,,,,,Supporting,,,Supporting,,,,,Core,,,A,Hi,C,AI,1,A,Med,C,AI,1,A,Med,C,AI,1,FALSE,FALSE,A,Med,C,AI,1,N,N,Reconstructed (D6),
6.7.5,6,Policy & Regulatory Skills,6.7,ENVIRONMENTAL HEALTH & JUSTICE,Air quality management,SC,DC-sec,S2,,S3,,FALSE,3,TRUE,FALSE,FALSE,TRUE,FALSE,TRUE,Transition,FALSE,FALSE,1,2,,,,,,,,,,,,,Supporting,,,,,Core,Supporting,,V,Lo,P,AI,1,A,Med,C,AI,1,A,Med,C,AI,1,FALSE,FALSE,V,Med,C,AI,1,N,N,Reconstructed (D6),
6.8.1,6,Policy & Regulatory Skills,6.8,CLIMATE FINANCE & INVESTMENT,Climate finance mechanisms,SC,DC-sec,S1,,S3,,FALSE,2,FALSE,TRUE,FALSE,FALSE,TRUE,FALSE,Transition,FALSE,FALSE,1,3,,,,,,,,,,,Supporting,,Supporting,,,,,,Supporting,Core,A,Med,C,AI,1,H,Hi,C,—,N,A,Med,C,AI,2,FALSE,FALSE,H,Med,C,—,N,N,N,Reconstructed (D6),
6.8.2,6,Policy & Regulatory Skills,6.8,CLIMATE FINANCE & INVESTMENT,Green bonds and climate bonds,SC,DC-sec,S1,,S3,,FALSE,1,FALSE,TRUE,FALSE,FALSE,FALSE,FALSE,Transition,FALSE,FALSE,1,2,,,,,,,,,,,Supporting,,,,,,,,Supporting,Core,A,Med,C,AI,1,A,Med,C,AI,1,V,Lo,P,AI,1,FALSE,FALSE,V,Med,C,AI,1,N,N,Reconstructed (D6),
6.8.3,6,Policy & Regulatory Skills,6.8,CLIMATE FINANCE & INVESTMENT,Carbon markets and trading,SC,DC-sec,S3,,S1,,FALSE,2,FALSE,TRUE,FALSE,FALSE,FALSE,TRUE,Transition,FALSE,FALSE,1,3,,,,,,,,,,,Supporting,,Supporting,,,,,,Supporting,Core,A,Med,C,AI,1,S,Lo,P,AI,1,A,Med,C,AI,1,FALSE,FALSE,S,Med,C,AI,1,N,N,Reconstructed (D6),
6.8.4,6,Policy & Regulatory Skills,6.8,CLIMATE FINANCE & INVESTMENT,Adaptation finance,SC,DC-sec,S1,,S3,,FALSE,2,FALSE,TRUE,FALSE,TRUE,FALSE,FALSE,Transition,FALSE,FALSE,2,2,,,,,,,,,,,Core,,Supporting,,,,,,Supporting,Core,H,Hi,C,—,N,A,Med,C,AI,1,V,Lo,P,AI,1,FALSE,FALSE,V,Hi,C,AI,1,N,Y,Reconstructed (D6),
6.8.5,6,Policy & Regulatory Skills,6.8,CLIMATE FINANCE & INVESTMENT,Climate investment risk assessment,DC,SC-sec,S1,,S5,,FALSE,1,FALSE,TRUE,FALSE,FALSE,FALSE,FALSE,Transition,FALSE,FALSE,1,2,,,,,,,,,,,Supporting,,,,,,,,Supporting,Core,V,Lo,P,AI,1,A,Med,C,AI,1,A,Med,C,AI,2,FALSE,FALSE,V,Med,C,AI,1,N,N,Reconstructed (D6),
7.1.1,7,Cross-Cutting Professional Practice,7.1,PROFESSIONAL ETHICS ARCHITECTURE,Indigenous data sovereignty and governance,SC,,S1,,S2,,FALSE,1,FALSE,FALSE,FALSE,TRUE,FALSE,FALSE,Transition,FALSE,FALSE,5,10,E,E,A,A,A,Supporting,Core,Supporting,Supporting,Core,Supporting,Core,Core,Supporting,Supporting,Supporting,Supporting,Core,,,H,Hi,P,—,N,H,Hi,P,—,N,H,Hi,C,—,N,FALSE,FALSE,H,Hi,P,—,N,N,N,Session-direct,
7.1.2,7,Cross-Cutting Professional Practice,7.1,PROFESSIONAL ETHICS ARCHITECTURE,Intervention authorization and ecological precaution,SC,DC-sec,S1,,S2,,FALSE,2,TRUE,FALSE,TRUE,FALSE,FALSE,FALSE,Transition,FALSE,FALSE,6,7,A,A,A,E,A,Supporting,Supporting,Core,Core,Core,Core,,Core,Supporting,Supporting,,Core,Supporting,,,H,Hi,C,—,N,H,Hi,C,—,N,H,Hi,X,—,N,FALSE,FALSE,H,Hi,C,—,N,N,N,Session-direct,
7.1.3,7,Cross-Cutting Professional Practice,7.1,PROFESSIONAL ETHICS ARCHITECTURE,Regulatory professional integrity,SC,,S2,,S5,,FALSE,2,TRUE,TRUE,FALSE,FALSE,FALSE,FALSE,Transition,FALSE,FALSE,5,10,A,A,E,A,E,Supporting,Supporting,Supporting,Supporting,Core,Supporting,Core,Core,Supporting,Supporting,Supporting,Supporting,Core,Core,,H,Hi,C,—,N,H,Hi,P,—,N,H,Hi,X,—,N,FALSE,FALSE,H,Hi,P,—,N,N,N,Session-direct,
7.1.4,7,Cross-Cutting Professional Practice,7.1,PROFESSIONAL ETHICS ARCHITECTURE,AI governance in environmental decision-support,SC,,S1,,S6,,FALSE,1,FALSE,TRUE,FALSE,FALSE,FALSE,FALSE,Emergent,FALSE,FALSE,4,11,A,A,A,E,E,Supporting,Supporting,Supporting,Supporting,Supporting,Supporting,Core,Core,Supporting,Supporting,Supporting,Supporting,Core,Core,,H,Hi,C,—,N,H,Hi,C,—,N,H,Hi,X,—,N,FALSE,FALSE,H,Hi,C,—,N,N,N,Session-direct,
7.2.1,7,Cross-Cutting Professional Practice,7.2,HUMAN-AI PROFESSIONAL PRACTICE,Validating AI outputs against ecological and regulatory ground truth,DC,,S5,,S2,,FALSE,1,FALSE,TRUE,FALSE,FALSE,FALSE,FALSE,Emergent,FALSE,FALSE,3,10,,,,,,Supporting,Supporting,Supporting,Supporting,Core,Supporting,Core,Core,Supporting,Supporting,,Supporting,Supporting,,,H,Hi,P,—,N,H,Hi,P,—,N,H,Hi,C,—,N,FALSE,FALSE,H,Hi,P,—,N,N,N,Session-direct,
7.2.2,7,Cross-Cutting Professional Practice,7.2,HUMAN-AI PROFESSIONAL PRACTICE,Designing workflows for tacit knowledge formation in AI-augmented practice,SC,,S1,,S6,,FALSE,1,FALSE,TRUE,FALSE,FALSE,FALSE,FALSE,Emergent,FALSE,FALSE,4,11,,,,,,Supporting,Supporting,Supporting,Supporting,Supporting,Supporting,Core,Core,Supporting,Supporting,Supporting,Supporting,Core,Core,,H,Hi,C,—,N,H,Hi,C,—,N,H,Hi,X,—,N,FALSE,FALSE,H,Hi,C,—,N,N,N,Session-direct,
7.2.3,7,Cross-Cutting Professional Practice,7.2,HUMAN-AI PROFESSIONAL PRACTICE,Calibrating professional judgment in human-AI collaboration,DC,SC-sec,S6,,S5,,FALSE,2,TRUE,TRUE,FALSE,FALSE,FALSE,FALSE,Emergent,FALSE,FALSE,4,11,,,,,,Supporting,Supporting,Supporting,Supporting,Core,Supporting,Core,Core,Supporting,Supporting,,Supporting,Core,Supporting,,H,Hi,P,—,N,H,Hi,C,—,N,H,Hi,C,—,N,FALSE,FALSE,H,Hi,C,—,N,N,N,Session-direct,
